"District_Name","SubCounty","Parish","Villagecode","C2BQ9","C2BQ10","C2BQ11A","C2BQ11B","C2BQ11C","C2BQ11D","C2BQ12_1","C2BQ12_2","C2BQ12_3","C2BQ12_4","C2BQ12_5","C2BQ12_6","C2BQ12_7","C2BQ12_7_other","C2BQ13_1","C2BQ13_2","C2BQ13_3","C2BQ13_4","C2BQ13_5","C2BQ13_6","C2BQ13_7","C2BQ13_8","C2BQ13_9","C2BQ13_9_other","C2BQ14_1","C2BQ14_2","C2BQ14_3","C2BQ14_4","C2BQ14_5","C2BQ14_6","C2BQ14_7","C2BQ14_8","C2BQ14_9","C2BQ14_9_other"
101,101204,10120402,1012040204,2,1,1,1,1,1,,,,,,,,,,,,,,,,,,,,,,,,,,,,
102,102101,10210104,1021010402,1,2,1,1,2,2,,,,,,,,,,,,,,,,,,,,,,,,,,,,
102,102101,10210108,1021010802,1,2,2,2,2,2,,,,,,,,,,,,,,,,,,,,,,,,,,,,"INCREASE PAY TO MEDICAL STAFF"
102,102102,10210202,1021020205,1,1,1,1,1,1,,,,,,,,,,,,,,,,,,,,,,,,,,,,
102,102102,10210205,1021020504,1,1,1,1,1,1,,,,,,,,,,,,,,,,,,,,,,,,,,,,
102,102102,10210206,1021020601,3,1,1,1,1,2,"Y","Y","Y","Y","N","N","N",,"N","N","N","N","Y","N","N","Y","N",,"N","N","Y","N","Y","N","Y","Y","N",
102,102102,10210208,1021020805,1,1,1,1,1,1,,,,,,,,,,,,,,,,,,,,,,,,,,,,
102,102103,10210301,1021030109,3,1,1,1,1,1,"N","N","N","N","N","N","N",,"N","N","N","N","N","N","N","N","N",,"N","N","N","N","N","N","N","N","N",
102,102103,10210302,1021030203,1,1,1,1,1,1,,,,,,,,,,,,,,,,,,,,,,,,,,,,
102,102103,10210304,1021030412,3,1,1,1,1,1,"N","N","N","N","N","N","N",,"N","N","N","N","N","N","N","N","N",,"N","N","N","N","N","N","N","N","N",
102,102103,10210305,1021030504,1,1,1,1,1,1,"Y","Y","Y","N","N","N","N",,"N","N","N","Y","Y","N","N","N","N",,"N","N","N","N","Y","N","Y","N","Y","IMPROVEMENT ON  INFRUSTRUCTURES"
102,102103,10210305,1021030509,2,1,1,1,2,2,"N","N","N","N","N","N","N",,"N","N","N","N","N","N","N","N","N",,"N","N","N","N","N","N","N","N","N",
102,102103,10210306,1021030606,4,1,1,1,1,1,"N","N","N","N","N","N","N",,"N","N","N","N","N","N","N","N","N",,"N","N","N","N","N","N","N","N","N",
102,102103,10210308,1021030803,1,1,1,1,1,1,,,,,,,,,,,,,,,,,,,,,,,,,,,,
102,102103,10210309,1021030904,1,1,1,1,1,1,"N","N","N","N","N","N","N","PATIENTS ARE TOO MANY COMPARED TO THE STAFF ENROLMENT","N","N","N","N","N","N","N","N","N",,"N","N","N","N","N","N","N","N","N","GOVERNMENMENT SHOULD IMPROVE ON THE MEDICINES/SUPPLIES"
102,102103,10210309,1021030904,1,1,1,1,1,1,"N","N","N","N","N","N","N","PATIENTS ARE TOO MANY COMPARED TO THE STAFF ENROLMENT","N","N","N","N","N","N","N","N","N",,"N","N","N","N","N","N","N","N","N","GOVERNMENMENT SHOULD IMPROVE ON THE MEDICINES/SUPPLIES"
102,102103,10210309,1021030904,1,1,1,1,1,1,"Y","N","Y","N","N","N","N",,"N","N","N","N","N","N","N","Y","N",,"N","Y","N","N","N","N","N","N","N",
102,102103,10210309,1021030904,1,1,1,1,1,1,"Y","N","Y","N","N","N","N",,"N","N","N","N","N","N","N","Y","N",,"N","Y","N","N","N","N","N","N","N",
102,102103,10210312,1021031208,1,1,1,1,1,1,,,,,,,,,,,,,,,,,,,,,,,,,,,,
102,102104,10210401,1021040102,1,1,1,1,1,1,"Y","Y","Y","Y","N","N","N",,"Y","N","N","Y","N","N","N","N","N",,"N","N","Y","N","N","N","N","N","N",
102,102104,10210402,1021040203,3,1,1,1,1,1,"Y","Y","Y","Y","N","N","N",,"N","N","N","N","N","Y","N","Y","N",,"N","N","N","Y","N","N","N","N","N",
102,102104,10210410,1021041002,1,1,1,1,1,1,"N","N","N","N","N","N","N",,"N","N","N","N","N","N","N","N","N",,"N","N","N","N","N","N","N","N","N",
102,102104,10210411,1021041118,,,,,,,,,,,,,,,,,,,,,,,,,,,,,,,,,,
102,102104,10210417,1021041701,2,1,1,1,1,1,,,,,,,,,,,,,,,,,,,,,,,,,,,,
102,102104,10210419,1021041903,1,1,1,1,2,1,"N","N","N","N","N","N","N",,"N","N","N","N","N","N","N","N","N",,"N","N","N","N","N","N","N","N","N",
102,102105,10210501,1021050106,2,1,1,1,1,1,,,,,,,,,,,,,,,,,,,,,,,,,,,,
102,102105,10210503,1021050307,2,1,1,1,2,1,,,,,,,,,,,,,,,,,,,,,,,,,,,,
102,102105,10210504,1021050405,3,1,1,1,1,1,,,,,,,,,,,,,,,,,,,,,,,,,,,,
102,102105,10210504,1021050405,3,1,1,1,1,1,"N","N","N","N","N","N","N",,"N","N","N","N","N","N","N","N","N",,"N","N","N","N","N","N","N","N","N",
102,102105,10210510,1021051004,1,1,1,1,1,1,,,,,,,,,,,,,,,,,,,,,,,,,,,,
102,102105,10210513,1021051305,1,1,1,1,1,1,"N","Y","Y","Y","N","N","N",,"N","N","N","N","Y","N","N","N","N",,"N","N","N","N","N","N","Y","N","N",
102,102105,10210515,1021051506,2,1,1,1,1,1,,,,,,,,,,,,,,,,,,,,,,,,,,,,
102,102105,10210518,1021051832,2,1,1,1,1,1,,,,,,,,,,,,,,,,,,,,,,,,,,,,
103,103105,10310505,1031050505,2,1,1,2,1,2,"N","N","N","N","N","N","N",,"N","N","N","N","N","N","N","N","N",,"N","N","N","N","N","N","N","N","N","Increase staff levels, increase drug stock levels."
104,104102,10410204,1041020405,4,2,2,2,1,1,,,,,,,,,,,,,,,,,,,,,,,,,,,,"Incerase drug stock levels"
104,104104,10410403,1041040304,1,1,1,1,1,1,,,,,,,,,,,,,,,,,,,,,,,,,,,,
104,104105,10410504,1041050403,1,1,1,1,1,1,,,,,,,,,,,,,,,,,,,,,,,,,,,,
104,104208,10420804,1042080404,1,1,1,1,1,1,"N","N","N","N","N","N","N",,"N","N","N","N","N","N","N","N","N",,"N","N","N","N","N","N","N","N","N",
105,105105,10510502,1051050201,1,1,1,1,1,1,"Y","N","N","N","N","N","N",,"N","N","N","N","N","N","N","Y","N",,"Y","N","N","N","N","N","N","N","N",
106,106101,10610101,1061010108,1,1,1,1,1,1,,,,,,,,,,,,,,,,,,,,,,,,,,,,"Increase range of services"
106,106101,10610109,1061010902,1,1,1,1,2,1,"N","N","N","N","N","N","N","Not much care","N","N","N","N","N","N","N","N","N",,"N","N","N","N","N","N","N","N","N","Increase drug stock levels"
106,106106,10610606,1061060602,1,1,1,1,1,1,,,,,,,,,,,,,,,,,,,,,,,,,,,,
107,107105,10710503,1071050302,2,1,1,2,2,1,,,,,,,,"Care less",,,,,,,,,,"Poor Ambulance services",,,,,,,,,,
107,107105,10710505,1071050503,2,1,1,1,1,1,"N","N","N","N","N","N","N",,"N","N","N","N","N","N","N","N","N",,"N","N","N","N","N","N","N","N","N","Increase drug stock levels"
107,107202,10720206,1072020601,2,1,1,2,2,1,,,,,,,,"Less care",,,,,,,,,,,,,,,,,,,,"Construct passable roads; Increase drug stock levels"
107,107302,10730203,1073020305,1,1,1,1,1,1,"N","N","N","N","N","N","N",,"N","N","N","N","N","N","N","N","N",,"N","N","N","N","N","N","N","N","N","Increase range of services and drug stock levels"
107,107305,10730507,1073050702,1,2,2,2,2,1,"N","N","N","N","N","N","N",,"N","N","N","N","N","N","N","N","N",,"N","N","N","N","N","N","N","N","N","Reshufle all staff"
108,108106,10810603,1081060309,1,2,1,2,2,1,"N","N","N","N","N","N","N",,"N","N","N","N","N","N","N","N","N","Educate staff on job values","N","N","N","N","N","N","N","N","N","Boost the morale of staff"
108,108301,10830101,1083010101,1,1,1,2,2,1,"N","N","N","N","N","N","N","Care is not consistent","N","N","N","N","N","N","N","N","N",,"N","N","N","N","N","N","N","N","N","Sensitise staff about morals"
108,108301,10830105,1083010505,1,1,1,1,1,1,"N","N","N","N","N","N","N",,"N","N","N","N","N","N","N","N","N",,"N","N","N","N","N","N","N","N","N",
108,108305,10830502,1083050204,1,2,1,1,2,1,"N","N","N","N","N","N","N",,"N","N","N","N","N","N","N","N","N",,"N","N","N","N","N","N","N","N","N",
110,110105,11010501,1101050107,1,2,2,2,2,1,"N","N","N","N","N","N","N","Staff absent on many occasions","N","N","N","N","N","N","N","N","N","Staff often absent","N","N","N","N","N","N","N","N","N","Transfer existing Staff,"
110,110203,11020306,1102030601,1,1,1,1,1,1,,,,,,,,,,,,,,,,,,,,,,,,,,,,
110,110204,11020401,1102040107,1,1,1,1,2,1,"N","N","N","N","N","N","N",,"N","N","N","N","N","N","N","N","N",,"N","N","N","N","N","N","N","N","N","Increase drug stock levels."
110,110206,11020603,1102060309,1,2,1,1,1,1,"N","N","N","N","Y","Y","N",,"Y","N","N","Y","Y","N","N","N","Y","some staff are not cooperative with patients. village people know them ver well.","N","N","N","N","N","Y","N","N","Y","change staff that are not cooperative."
110,110207,11020704,1102070403,1,1,1,1,1,1,,,,,,,,,,,,,,,,,,,,,,,,,,,,
110,110305,11030501,1103050102,1,1,1,1,1,1,,,,,,,,"ABSENTISM",,,,,,,,,,,,,,,,,,,,
110,110306,11030601,1103060102,3,1,1,1,1,1,,,,,,,,,,,,,,,,,,,,,,,,,,,,
111,111102,11110201,1111020105,1,1,1,1,1,1,,,,,,,,,,,,,,,,,,,,,,,,,,,,
111,111202,11120204,1112020403,1,1,1,1,1,1,,,,,,,,,,,,,,,,,,,,,,,,,,,,
111,111202,11120206,1112020618,1,1,1,1,1,1,,,,,,,,,,,,,,,,,,,,,,,,,,,,
112,112102,11210203,1121020302,1,1,1,1,1,1,,,,,,,,,,,,,,,,,,,,,,,,,,,,
112,112104,11210402,1121040209,1,2,1,1,1,1,,,,,,,,,,,,,,,,,,,,,,,,,,,,
112,112203,11220301,1122030104,1,1,1,1,1,1,"N","N","N","N","N","N","N","Given attention","N","N","N","N","N","N","N","N","N",,"N","N","N","N","N","N","N","N","N","Increase drug stock levels"
112,112204,11220403,1122040303,2,2,1,1,1,1,,,,,,,,,,,,,,,,,,,,,,,,,,,,
113,113105,11310504,1131050402,1,2,1,2,2,1,"N","N","N","N","N","N","N",,"N","N","N","N","N","N","N","N","N",,"N","N","N","N","N","N","N","N","N","Provide more services like mertanity"
113,113105,11310505,1131050505,2,1,1,1,1,1,,,,,,,,,,,,,,,,,,,,,,,,,,,,
113,113111,11311102,1131110205,1,1,1,1,2,1,,,,,,,,,,,,,,,,,,,,,,,,,,,,
113,113112,11311203,1131120307,1,1,1,1,1,1,,,,,,,,,,,,,,,,,,,,,,,,,,,,
113,113113,11311302,1131130204,1,1,1,1,1,1,"N","N","N","N","N","N","N",,"N","N","N","N","N","N","N","N","N",,"N","N","N","N","N","N","N","N","N",
113,113113,11311306,1131130602,3,1,1,1,1,1,,,,,,,,,,,,,,,,,,,,,,,,,,,,
113,113303,11330301,1133030101,3,1,1,1,1,1,,,,,,,,,,,,,,,,,,,,,,,,,,,,
113,113303,11330301,1133030109,1,1,1,1,1,2,"N","N","N","N","N","N","N",,"N","N","N","N","N","N","N","N","N",,"N","N","N","N","N","N","N","N","N","Increase drug types and varietes."
113,113303,11330305,1133030504,1,2,1,2,2,1,,,,,,,,"Less care",,,,,,,,,,"Not working over weekends",,,,,,,,,,"Increase drug stock levels"
113,113304,11330403,1133040308,3,1,1,1,1,1,"Y","N","Y","Y","N","N","N",,"N","N","Y","N","N","Y","N","Y","N",,"Y","Y","N","N","N","N","N","Y","N",
113,113306,11330606,1133060601,1,1,1,1,1,1,,,,,,,,,,,,,,,,,,,,,,,,,,,,
113,113307,11330701,1133070102,1,1,1,1,1,1,"N","N","N","N","N","N","N",,"N","N","N","N","N","N","N","N","N",,"N","N","N","N","N","N","N","N","N",
115,115103,11510302,1151030204,1,2,2,2,2,1,"N","N","N","N","N","N","N","Little care","N","N","N","N","N","N","N","N","N","Poor sanitation facilities,","N","N","N","N","N","N","N","N","N","Build more staff houses"
115,115104,11510403,1151040307,1,1,1,1,1,1,,,,,,,,,,,,,,,,,,,,,,,,,,,,
115,115202,11520209,1152020907,1,2,2,2,2,1,,,,,,,,"Attention only to known people",,,,,,,,,,,,,,,,,,,,"Caution to patints to have more care"
115,115203,11520307,1152030702,1,1,1,1,1,1,,,,,,,,,,,,,,,,,,,,,,,,,,,,
115,115205,11520504,1152050405,1,1,1,1,1,1,"N","N","N","N","N","N","N",,"N","N","N","N","N","N","N","N","N",,"N","N","N","N","N","N","N","N","N",
115,115207,11520703,1152070306,1,1,1,1,1,1,"N","N","N","N","N","N","N","Some level of care","N","N","N","N","N","N","N","N","N","No Ambulance services; No staff quarters; No maternity services.","N","N","N","N","N","N","N","N","N","Re-train staff; Build staff quarters; Increase drug stock levels."
116,116102,11610205,1161020501,1,1,1,1,1,1,,,,,,,,,,,,,,,,,,,,,,,,,,,,
117,117103,11710308,1171030802,2,2,2,2,2,1,,,,,,,,"Less care",,,,,,,,,,"Patient neglect",,,,,,,,,,"SIncrease drug stock levels"
117,117104,11710405,1171040504,2,2,2,2,2,1,,,,,,,,"Neglect patients",,,,,,,,,,"Too congested",,,,,,,,,,"Increase drug stock levels,"
117,117110,11711003,1171100309,1,1,1,1,1,1,"Y","N","N","N","N","N","Y","Flow of care","N","N","N","N","Y","N","N","N","Y","Less information on range of services; Absenteesm of staff","N","N","N","N","N","N","N","Y","N",
117,117110,11711003,1171100312,1,1,1,1,1,1,,,,,,,,,,,,,,,,,,"electricity",,,,,,,,,,"provision od electricity"
118,118101,11810104,1181010407,1,1,1,1,1,1,,,,,,,,,,,,,,,,,,,,,,,,,,,,
119,119103,11910303,1191030304,1,1,1,1,1,1,,,,,,,,,,,,,,,,,,"negligence",,,,,,,,,,"reshuffle nurses"
120,120105,12010502,1201050202,3,1,1,1,1,1,,,,,,,,,,,,,,,,,,,,,,,,,,,,
122,122102,12210206,1221020604,1,1,1,1,1,1,"N","N","N","N","N","N","N","Mindfull of clients","N","N","N","N","N","N","N","N","N",,"N","N","N","N","N","N","N","N","N","Provide ambulance services"
122,122105,12210502,1221050203,1,1,1,1,1,1,,,,,,,,,,,,,,,,,,,,,,,,,,,,
122,122106,12210602,1221060206,1,1,1,1,1,1,,,,,,,,,,,,,,,,,,,,,,,,,,,,
123,123108,12310803,1231080303,1,1,1,1,1,1,,,,,,,,,,,,,,,,,,,,,,,,,,,,
124,124101,12410106,1241010603,1,1,1,1,1,1,"Y","N","Y","N","N","N","N",,"N","N","N","Y","Y","N","N","N","N",,"N","Y","N","N","N","Y","N","N","N",
124,124103,12410302,1241030216,1,2,2,2,2,2,"N","N","N","N","N","N","N",,"N","N","N","N","N","N","N","N","N",,"N","N","N","N","N","N","N","N","N",
124,124104,12410401,1241040102,1,2,1,2,2,1,,,,,,,,,,,,,,,,,,,,,,,,,,,,"Strict close supervision"
124,124107,12410701,1241070106,1,1,1,1,1,1,"N","N","N","N","N","N","N",,"N","N","N","N","N","N","N","N","N",,"N","N","N","N","N","N","N","N","N","Nurses realy at work place"
124,124108,12410802,1241080210,1,1,1,1,1,1,,,,,,,,"WE ALWAYS PAY FOR MEDICINE",,,,,,,,,,,,,,,,,,,,
201,201106,20110602,2011060205,1,1,1,1,1,1,"Y","N","N","N","N","N","N",,"N","Y","N","N","Y","N","N","Y","N",,"Y","N","N","Y","N","Y","N","N","N",
201,201106,20110602,2011060205,1,1,1,1,1,1,"Y","N","N","N","N","N","N",,"N","Y","N","N","Y","N","N","Y","N",,"Y","N","N","Y","N","Y","N","N","N",
201,201106,20110602,2011060205,1,1,1,1,1,1,,,,,,,,,,,,,,,,,,,,,,,,,,,,
201,201106,20110602,2011060205,1,1,1,1,1,1,,,,,,,,,,,,,,,,,,,,,,,,,,,,
201,201110,20111009,2011100902,1,1,1,1,1,1,,,,,,,,,,,,,,,,,,"low number of staff",,,,,,,,,,
203,203202,20320203,2032020304,1,1,1,1,1,1,"Y","N","N","N","N","N","N",,"N","N","N","N","Y","N","N","Y","N",,"Y","N","N","N","Y","N","N","N","N",
203,203301,20330101,2033010101,1,1,1,1,1,1,,,,,,,,,,,,,,,,,,"LIMITED WORKING SPACE",,,,,,,,,,"EXPAND HEALTH CENTER"
203,203303,20330304,2033030403,2,1,1,2,2,1,"N","N","N","N","N","N","N",,"N","N","N","N","N","N","N","N","N","Poor Hygiene, Poor conduct of Staff","N","N","N","N","N","N","N","N","N","Be more strict on staff monitoring and supervision"
204,204101,20410103,2041010302,1,1,1,1,1,2,"N","N","N","N","N","N","N",,"N","N","N","N","N","N","N","N","N","ILLEGAL CHARGES","N","N","N","N","N","N","N","N","N","STRICT MONITORING OF HEALTH WORKERS"
204,204102,20410204,2041020405,1,1,1,1,1,1,,,,,,,,,,,,,,,,,,"Low number of staff",,,,,,,,,,
204,204203,20420301,2042030105,1,1,1,1,1,2,"N","N","N","N","N","N","N",,"N","N","N","N","N","N","N","N","N",,"N","N","N","N","N","N","N","N","N",
204,204301,20430101,2043010103,1,1,1,1,1,1,,,,,,,,,,,,,,,,,,,,,,,,,,,,"Increase number of medical staff"
204,204301,20430102,2043010202,1,1,1,1,1,1,,,,,,,,,,,,,,,,,,,,,,,,,,,,
204,204302,20430205,2043020514,1,1,1,1,1,1,"N","N","N","N","N","N","N",,"N","N","N","N","N","N","N","N","N","High Number of Patients","N","N","N","N","N","N","N","N","N",
205,205104,20510401,2051040101,2,1,1,1,1,1,,,,,,,,,,,,,,,,,,,,,,,,,,,,
207,207103,20710301,2071030105,1,1,1,1,1,1,"Y","Y","Y","N","N","N","N",,"Y","Y","Y","Y","Y","N","N","N","N",,"Y","Y","Y","N","N","N","Y","N","N",
208,208102,20810214,2081021402,3,1,1,1,1,1,"N","N","N","N","N","N","N",,"N","N","N","N","N","N","N","N","N",,"N","N","N","N","N","N","N","N","N",
208,208102,20810214,2081021402,3,1,1,1,1,1,"N","N","N","N","N","N","N",,"N","N","N","N","N","N","N","N","N",,"N","N","N","N","N","N","N","N","N",
208,208102,20810214,2081021402,3,1,1,1,1,1,"Y","Y","Y","Y","N","N","N",,"N","N","N","Y","Y","N","N","Y","N",,"Y","Y","Y","N","N","N","N","N","N",
208,208102,20810214,2081021402,3,1,1,1,1,1,"Y","Y","Y","Y","N","N","N",,"N","N","N","Y","Y","N","N","Y","N",,"Y","Y","Y","N","N","N","N","N","N",
208,208104,20810404,2081040401,1,1,1,1,1,1,,,,,,,,,,,,,,,,,,,,,,,,,,,,
208,208107,20810713,2081071301,1,1,1,1,1,1,,,,,,,,,,,,,,,,,,,,,,,,,,,,
209,209201,20920101,2092010105,1,1,1,1,1,2,"N","N","N","N","N","N","N",,"N","N","N","N","N","N","N","N","N",,"N","N","N","N","N","N","N","N","N",
209,209201,20920104,2092010401,3,1,1,1,1,1,"Y","Y","Y","Y","N","N","N",,"N","N","N","Y","N","Y","N","Y","N",,"N","N","N","Y","Y","N","N","N","N",
210,210205,21020504,2102050401,1,1,1,1,1,2,"Y","Y","Y","Y","N","N","N",,"N","N","N","Y","N","N","N","Y","N",,"N","Y","Y","N","N","N","N","N","N",
210,210205,21020504,2102050401,1,1,1,1,1,2,"Y","Y","Y","Y","N","N","N",,"N","N","N","Y","N","N","N","Y","N",,"N","Y","Y","N","N","N","N","N","N",
210,210205,21020504,2102050401,1,1,1,1,1,2,"N","N","N","N","N","N","N",,"N","N","N","N","N","N","N","N","N",,"N","N","N","N","N","N","N","N","N",
210,210205,21020504,2102050401,1,1,1,1,1,2,"N","N","N","N","N","N","N",,"N","N","N","N","N","N","N","N","N",,"N","N","N","N","N","N","N","N","N",
211,211101,21110105,2111010504,1,1,1,1,1,1,"Y","Y","Y","Y","N","N","N",,"Y","Y","Y","Y","N","N","N","N","N",,"Y","Y","Y","N","N","N","Y","Y","N",
211,211103,21110303,2111030302,1,2,1,1,1,1,,,,,,,,,,,,,,,,,,,,,,,,,,,,
211,211106,21110603,2111060303,1,1,1,1,1,1,,,,,,,,,,,,,,,,,,,,,,,,,,,,
212,212104,21210403,2121040306,1,1,1,1,1,1,"N","N","N","N","N","N","N",,"N","N","N","N","N","N","N","N","N",,"N","N","N","N","N","N","N","N","N",
212,212105,21210504,2121050407,1,1,1,1,2,2,"N","N","N","N","N","N","N",,"N","N","N","N","N","N","N","N","N",,"N","N","N","N","N","N","N","N","N",
212,212202,21220201,2122020101,3,1,1,1,1,1,"N","N","N","N","N","N","N",,"N","N","N","N","N","N","N","N","N",,"N","N","N","N","N","N","N","N","N",
212,212305,21230502,2123050204,1,1,1,1,1,1,"N","N","N","N","N","N","N",,"N","N","N","N","N","N","N","N","N",,"N","N","N","N","N","N","N","N","N",
212,212311,21231101,2123110101,1,1,1,1,1,1,"N","N","N","N","N","N","N",,"N","N","N","N","N","N","N","N","N",,"N","N","N","N","N","N","N","N","N",
214,214101,21410104,2141010403,2,1,1,1,1,1,,,,,,,,,,,,,,,,,,"blocked easy accesss routes",,,,,,,,,,"open to easy access routes"
214,214101,21410106,2141010604,2,1,1,1,1,1,"N","N","N","N","N","N","N",,"N","N","N","N","N","N","N","N","N",,"N","N","N","N","N","N","N","N","N","told the MP of the area"
214,214102,21410202,2141020206,1,2,2,2,2,2,,,,,,,,,,,,,,,,,,"ABSENTISM OF STAFF",,,,,,,,,,
214,214108,21410801,2141080105,,,,,,,"N","N","N","N","N","N","N",,"N","N","N","N","N","N","N","N","N",,"N","N","N","N","N","N","N","N","N",
214,214113,21411301,2141130103,3,1,1,1,1,2,,,,,,,,,,,,,,,,,,,,,,,,,,,,
214,214113,21411303,2141130307,,,,,,,"N","N","N","N","N","N","N",,"N","N","N","N","N","N","N","N","N",,"N","N","N","N","N","N","N","N","N",
214,214113,21411303,2141130307,,,,,,,"N","N","N","N","N","N","N",,"N","N","N","N","N","N","N","N","N",,"N","N","N","N","N","N","N","N","N",
214,214113,21411303,2141130307,1,1,1,1,1,1,,,,,,,,,,,,,,,,,,,,,,,,,,,,
214,214113,21411303,2141130307,1,1,1,1,1,1,,,,,,,,,,,,,,,,,,,,,,,,,,,,
215,215109,21510902,2151090208,1,1,1,1,1,2,"Y","Y","N","N","N","N","N",,"N","N","Y","N","Y","N","N","Y","N",,"N","Y","N","N","N","N","N","N","N",
215,215115,21511502,2151150202,1,1,1,1,1,1,"N","N","N","N","N","N","N",,"N","N","N","N","N","N","N","N","N",,"N","N","N","N","N","N","N","N","N",
215,215120,21512002,2151200204,3,1,1,1,1,1,"N","N","N","N","N","N","N",,"N","N","N","N","N","N","N","N","N",,"N","N","N","N","N","N","N","N","N",
216,216202,21620203,2162020306,1,1,1,1,1,1,"Y","Y","Y","Y","N","N","N",,"Y","Y","N","Y","Y","N","N","N","N",,"Y","N","Y","N","N","N","N","N","N",
216,216202,21620203,2162020306,1,1,1,1,1,1,"Y","Y","Y","Y","N","N","N",,"Y","Y","N","Y","Y","N","N","N","N",,"Y","N","Y","N","N","N","N","N","N",
216,216202,21620203,2162020306,1,1,1,1,1,1,"N","N","N","N","N","N","N",,"N","N","N","N","N","N","N","N","N",,"N","N","N","N","N","N","N","N","N",
216,216202,21620203,2162020306,1,1,1,1,1,1,"N","N","N","N","N","N","N",,"N","N","N","N","N","N","N","N","N",,"N","N","N","N","N","N","N","N","N",
218,218103,21810302,2181030213,1,1,1,1,1,1,"N","N","N","N","N","N","N",,"N","N","N","N","N","N","N","N","N",,"N","N","N","N","N","N","N","N","N",
218,218115,21811504,2181150401,1,1,1,1,1,2,"N","N","N","N","N","N","N",,"N","N","N","N","N","N","N","N","N",,"N","N","N","N","N","N","N","N","N",
219,219103,21910313,2191031301,1,1,1,1,1,1,,,,,,,,,,,,,,,,,,,,,,,,,,,,
219,219103,21910317,2191031702,1,1,1,1,1,1,"Y","Y","Y","N","N","N","N",,"Y","Y","N","Y","Y","N","N","N","N",,"N","N","N","Y","Y","N","Y","N","N",
219,219103,21910317,2191031702,1,1,1,1,1,1,"Y","Y","Y","N","N","N","N",,"Y","Y","N","Y","Y","N","N","N","N",,"N","N","N","Y","Y","N","Y","N","N",
219,219103,21910317,2191031702,1,1,1,1,1,1,,,,,,,,,,,,,,,,,,,,,,,,,,,,
219,219103,21910317,2191031702,1,1,1,1,1,1,,,,,,,,,,,,,,,,,,,,,,,,,,,,
221,221109,22110902,2211090203,3,1,1,1,1,2,"N","N","N","N","N","N","N",,"N","N","N","N","N","N","N","N","N",,"N","N","N","N","N","N","N","N","N",
221,221109,22110905,2211090505,1,1,1,1,1,2,"N","N","N","N","N","N","N",,"N","N","N","N","N","N","N","N","N",,"N","N","N","N","N","N","N","N","N",
222,222106,22210602,2221060201,1,1,1,1,1,1,"Y","N","N","N","N","N","N",,"N","Y","N","N","Y","N","N","Y","Y","NO ELECTRICITY","Y","N","N","N","N","N","N","N","N",
223,223108,22310805,2231080506,1,1,1,2,1,1,"N","N","N","N","N","N","N",,"N","N","N","N","N","N","N","N","N",,"N","N","N","N","N","N","N","N","N",
223,223120,22312002,2231200204,3,1,1,1,1,2,"Y","Y","Y","Y","N","N","N",,"N","N","N","N","N","Y","N","Y","N",,"Y","N","N","Y","N","N","Y","N","N",
223,223121,22312101,2231210104,1,1,1,1,1,1,"N","N","N","N","N","N","N",,"N","N","N","N","N","N","N","N","N",,"N","N","N","N","N","N","N","N","N",
223,223121,22312101,2231210105,1,1,1,1,1,1,"N","N","N","N","N","N","N",,"N","N","N","N","N","N","N","N","N",,"N","N","N","N","N","N","N","N","N",
223,223121,22312103,2231210302,1,1,1,1,1,1,"N","N","N","N","N","N","N",,"N","N","N","N","N","N","N","N","N",,"N","N","N","N","N","N","N","N","N",
223,223126,22312601,2231260115,1,1,1,1,1,1,,,,,,,,,,,,,,,,,,,,,,,,,,,,
223,223128,22312801,2231280102,1,1,1,1,1,2,"N","N","N","N","N","N","N",,"N","N","N","N","N","N","N","N","N",,"N","N","N","N","N","N","N","N","N",
224,224105,22410505,2241050511,1,1,1,1,2,1,,,,,,,,,,,,,,,,,,"MEDICAL STAFF NEGLIGENCE",,,,,,,,,,
225,225103,22510304,2251030415,1,1,1,1,1,1,"N","N","N","N","N","N","N",,"N","N","N","N","N","N","N","N","N",,"N","N","N","N","N","N","N","N","N","NEEDS ALOT OF SUPERVISOR"
225,225111,22511103,2251110322,1,1,1,1,1,1,"Y","Y","Y","N","N","N","N",,"N","N","Y","N","Y","N","N","N","N",,"N","Y","N","N","Y","N","N","N","N",
226,226101,22610101,2261010102,1,2,1,2,2,2,"N","N","N","N","N","N","N",,"N","N","N","N","N","N","N","N","N",,"N","N","N","N","N","N","N","N","N",
226,226103,22610302,2261030205,1,1,1,1,1,1,"N","N","N","N","N","N","N",,"N","N","N","N","N","N","N","N","N",,"N","N","N","N","N","N","N","N","N","INCREASE MEDICAL FACILITIES LIKE SURGERY"
226,226103,22610303,2261030301,,,,,,,"N","N","N","N","N","N","N",,"N","N","N","N","N","N","N","N","N",,"N","N","N","N","N","N","N","N","N",
226,226104,22610405,2261040510,1,1,1,1,1,2,"N","N","N","N","N","N","N",,"N","N","N","N","N","N","N","N","N",,"N","N","N","N","N","N","N","N","Y","IMPROVE ON POWER AVAILBLITY"
228,228102,22810203,2281020304,1,1,1,1,1,1,"N","N","N","N","N","N","N",,"N","N","N","N","N","N","N","N","N",,"N","N","N","N","N","N","N","N","N",
230,230107,23010709,2301070905,1,1,1,1,1,1,"Y","N","N","N","N","N","N",,"Y","Y","N","N","Y","N","N","Y","N",,"Y","N","N","N","Y","Y","Y","N","N",
232,232101,23210104,2321010406,1,1,1,1,1,1,,,,,,,,,,,,,,,,,,,,,,,,,,,,
232,232203,23220304,2322030405,1,1,1,1,1,1,,,,,,,,,,,,,,,,,,,,,,,,,,,,
302,302101,30210102,3021010215,1,1,1,1,1,1,"N","N","N","N","N","N","N",,"N","N","N","N","N","N","N","N","N","LESS STAFF","N","N","N","N","N","N","N","N","N","ADD MORE STAFF"
302,302201,30220105,3022010508,3,1,1,1,1,1,"Y","Y","Y","N","Y","N","N",,"N","N","N","Y","Y","N","N","N","Y","PROVISION  OF  FOOD  FOR  PATIENTS","N","N","N","Y","N","N","Y","N","Y","GOVERNMENT  TO  PROVIDE  BETTER   FACILITIES IN PRIVATE  INSTITUTIONS"
302,302201,30220107,3022010708,1,1,1,1,1,1,"N","N","N","N","N","N","N","CLIENT,S  EXPECTATIONS NOT MET","N","N","N","N","N","N","N","N","N","LESS STAFF SERVING PATIENTS","N","N","N","N","N","N","N","N","N","PROVIDE ENOUGH STAFF INCLUDING  DRIVER FOR AMBULENCE"
302,302203,30220302,3022030205,2,2,1,1,1,1,,,,,,,,"CLIENT,S  EXPECTATIONS NOT MET",,,,,,,,,,,,,,,,,,,,"PROVODE  ENOUGH FACILITIES"
302,302204,30220405,3022040505,1,2,1,1,1,1,,,,,,,,,,,,,,,,,,"LACK OF CLINICAL EQUIPMENTS",,,,,,,,,,"IMPROVE ON FACILITIES I.E BUILDINGS ,CLINICAL EQUIPMENTS."
302,302205,30220505,3022050502,2,2,1,2,2,1,"N","N","N","N","N","N","N",,"N","N","N","N","N","N","N","N","N",,"N","N","N","N","N","N","N","N","N","TRANSFER OF STAFF"
303,303201,30320102,3032010205,1,2,1,2,2,1,,,,,,,,,,,,,,,,,,"BAD ROADS",,,,,,,,,,"CONSTRUCTION OF ROADS-BRIDGE"
303,303202,30320207,3032020706,1,1,1,1,1,1,,,,,,,,,,,,,,,,,,,,,,,,,,,,
303,303204,30320405,3032040506,2,1,1,1,2,1,"N","N","N","N","N","N","N",,"N","N","N","N","N","N","N","N","N",,"N","N","N","N","N","N","N","N","N",
303,303402,30340204,3034020408,1,1,1,1,1,1,,,,,,,,,,,,,,,,,,,,,,,,,,,,
303,303404,30340401,3034040102,1,1,1,1,2,1,,,,,,,,,,,,,,,,,,,,,,,,,,,,
303,303404,30340403,3034040304,1,2,1,1,1,2,,,,,,,,,,,,,,,,,,"BAD ATTITUDE OF SOME STAFF MEMBER",,,,,,,,,,
303,303405,30340507,3034050711,3,1,1,1,1,1,"N","N","N","N","N","N","N",,"N","N","N","N","N","N","N","N","N",,"N","N","N","N","N","N","N","N","N",
303,303503,30350304,3035030411,1,1,1,1,1,1,,,,,,,,,,,,,,,,,,,,,,,,,,,,
303,303504,30350402,3035040205,1,1,1,1,1,1,,,,,,,,,,,,,,,,,,,,,,,,,,,,"INCREASE AMOUNT OF DRUG SUPPLY"
304,304102,30410201,3041020101,1,1,1,1,1,1,"N","N","N","N","N","N","N",,"N","N","N","N","N","N","N","N","N","LIMITED STAFF","N","N","N","N","N","N","N","N","N","ADD MORE STAFF"
304,304204,30420401,3042040105,3,1,1,1,1,1,"Y","Y","Y","N","N","N","N",,"N","N","N","N","N","Y","N","N","N",,"N","N","N","Y","N","N","N","N","Y","MORE  SPACE  FOR  EXPANSION"
304,304204,30420402,3042040201,1,1,1,1,1,1,,,,,,,,,,,,,,,,,,"IN ADEQUATE BUILDINGS",,,,,,,,,,"Power connection at the health facility."
304,304301,30430104,3043010404,3,1,1,1,1,1,,,,,,,,,,,,,,,,,,"LIMITED  FACILITES",,,,,,,,,,"Provision  of better facilities"
305,305102,30510208,3051020803,4,1,1,1,1,1,"N","N","N","N","N","N","N",,"N","N","N","N","N","N","N","N","N","LESS PAY TO STAFF","N","N","N","N","N","N","N","N","N","IMPROVEMENT ON STAFF SALARY"
306,306102,30610203,3061020306,1,1,1,1,1,1,,,,,,,,,,,,,,,,,,,,,,,,,,,,
306,306103,30610301,3061030101,1,1,1,1,1,1,,,,,,,,,,,,,,,,,,,,,,,,,,,,
306,306103,30610301,3061030101,1,1,1,1,1,1,,,,,,,,,,,,,,,,,,,,,,,,,,,,
306,306103,30610301,3061030101,1,1,1,1,1,1,"Y","Y","Y","Y","N","N","N",,"N","Y","N","Y","Y","N","N","N","N",,"N","N","Y","N","N","N","Y","Y","N",
306,306103,30610301,3061030101,1,1,1,1,1,1,"Y","Y","Y","Y","N","N","N",,"N","Y","N","Y","Y","N","N","N","N",,"N","N","Y","N","N","N","Y","Y","N",
306,306106,30610601,3061060103,1,1,1,1,1,1,,,,,,,,,,,,,,,,,,,,,,,,,,,,
307,307108,30710802,3071080206,1,1,1,1,1,1,,,,,,,,,,,,,,,,,,,,,,,,,,,,
307,307108,30710803,3071080301,1,1,1,1,1,1,,,,,,,,"CLIENTS  EXPECTATIONS ARE ALWAYS NOT MET",,,,,,,,,,,,,,,,,,,,"PROVIDE MORE  STAFF"
307,307202,30720203,3072020302,2,1,1,1,1,1,,,,,,,,,,,,,,,,,,,,,,,,,,,,"TRANSFER OF STAFF"
308,308102,30810206,3081020606,1,1,1,1,1,2,,,,,,,,,,,,,,,,,,,,,,,,,,,,
309,309102,30910205,3091020502,1,1,1,1,2,1,"N","N","N","N","N","N","N",,"N","N","N","N","N","N","N","N","N","AVAILABLE AMBULANCE LACKS FUEL ALWAYS.INCASE OF REFERRALS YOU HAVE TO PAY FOR FUEL","N","N","N","N","N","N","N","N","N","INCREASE THE NUMBER OF BUILINGS"
309,309103,30910305,3091030501,1,1,1,1,1,1,,,,,,,,,,,,,,,,,,"INADEQUATE FACILITIES-BUILDINGS",,,,,,,,,,
309,309204,30920406,3092040606,1,1,1,1,1,1,"N","N","N","N","N","N","N",,"N","N","N","N","N","N","N","N","N","HEALTH WORKERS NOT ALWAYS AVAILABLE","N","N","N","N","N","N","N","N","N",
310,310102,31010202,3101020203,1,1,1,1,1,1,,,,,,,,,,,,,,,,,,,,,,,,,,,,
310,310206,31020603,3102060309,1,1,1,1,1,1,"N","N","N","N","N","N","N",,"N","N","N","N","N","N","N","N","N","INACCESSIBILITY DURING RAINY SEASON","N","N","N","N","N","N","N","N","N",
310,310206,31020604,3102060408,1,1,1,1,1,1,,,,,,,,,,,,,,,,,,,,,,,,,,,,
310,310207,31020706,3102070603,2,1,1,1,1,1,"N","N","N","N","N","N","N",,"N","N","N","N","N","N","N","N","N","LACK OF SPACE ESPECIALLY DURING","N","N","N","N","N","N","N","N","N",
311,311103,31110302,3111030202,1,1,1,1,1,1,"Y","Y","Y","Y","N","N","N",,"Y","Y","N","Y","N","N","N","Y","N",,"Y","N","Y","N","N","N","Y","Y","N",
311,311103,31110302,3111030202,1,1,1,1,1,1,"Y","Y","Y","Y","N","N","N",,"Y","Y","N","Y","N","N","N","Y","N",,"Y","N","Y","N","N","N","Y","Y","N",
311,311103,31110302,3111030202,1,1,1,1,1,1,"N","N","N","N","N","N","N",,"N","N","N","N","N","N","N","N","N",,"N","N","N","N","N","N","N","N","N",
311,311103,31110302,3111030202,1,1,1,1,1,1,"N","N","N","N","N","N","N",,"N","N","N","N","N","N","N","N","N",,"N","N","N","N","N","N","N","N","N",
311,311302,31130201,3113020101,1,1,1,1,1,1,,,,,,,,,,,,,,,,,,,,,,,,,,,,
312,312105,31210502,3121050202,1,1,1,1,1,2,"N","N","N","N","N","N","N",,"N","N","N","N","N","N","N","N","N","POOR ROAD","N","N","N","N","N","N","N","N","N","IMPROVE ON THE ROAD"
313,313102,31310205,3131020505,1,1,1,1,1,1,"N","N","N","N","N","N","N",,"N","N","N","N","N","N","N","N","N",,"N","N","N","N","N","N","N","N","N",
313,313104,31310403,3131040312,1,1,1,1,1,1,"N","N","N","N","N","N","N",,"N","N","N","N","N","N","N","N","N","BAD ROAD","N","N","N","N","N","N","N","N","N",
314,314103,31410304,3141030403,1,1,1,1,1,1,,,,,,,,,,,,,,,,,,,,,,,,,,,,
317,317101,31710101,3171010102,1,1,1,1,1,1,"Y","N","Y","N","N","N","N",,"Y","N","N","Y","Y","N","N","N","N",,"N","Y","Y","N","Y","N","N","N","N",
317,317102,31710202,3171020201,1,1,1,1,1,1,,,,,,,,,,,,,,,,,,,,,,,,,,,,"CLOSE SUPERVISION BY THE GOVERNMENT"
317,317106,31710605,3171060512,1,2,1,1,1,1,,,,,,,,"Client,s  expectations not met by the provider[health facility]",,,,,,,,,,"NEGLEGIENCE OF PATIENTS",,,,,,,,,,"TRANSFER OF STAFF"
318,318103,31810302,3181030204,1,1,1,1,1,2,"Y","Y","Y","Y","N","N","N",,"Y","Y","N","Y","N","N","N","Y","N",,"N","N","Y","N","N","N","Y","Y","N",
318,318103,31810302,3181030204,1,1,1,1,1,2,"Y","Y","Y","Y","N","N","N",,"Y","Y","N","Y","N","N","N","Y","N",,"N","N","Y","N","N","N","Y","Y","N",
318,318103,31810302,3181030204,1,1,1,1,1,2,"N","N","N","N","N","N","N",,"N","N","N","N","N","N","N","N","N",,"N","N","N","N","N","N","N","N","N",
318,318103,31810302,3181030204,1,1,1,1,1,2,"N","N","N","N","N","N","N",,"N","N","N","N","N","N","N","N","N",,"N","N","N","N","N","N","N","N","N",
318,318107,31810705,3181070501,1,1,1,1,1,1,,,,,,,,,,,,,,,,,,,,,,,,,,,,
318,318114,31811402,3181140207,1,1,1,1,1,1,"Y","Y","Y","N","N","N","N",,"Y","Y","N","Y","N","N","N","Y","N",,"Y","Y","Y","N","N","N","N","Y","N",
319,319103,31910303,3191030304,1,2,2,2,2,2,"N","N","N","N","N","N","N",,"N","N","N","N","N","N","N","N","N",,"N","N","N","N","N","N","N","N","N","GOVT TO MONITOR HEALTH WORKERS CLOSELY"
319,319105,31910508,3191050803,1,1,1,1,2,2,,,,,,,,,,,,,,,,,,,,,,,,,,,,
319,319107,31910702,3191070202,1,1,1,1,1,2,,,,,,,,,,,,,,,,,,"BAD  ATTITUDE OF HEALTH WORK",,,,,,,,,,
320,320103,32010303,3201030323,1,1,1,1,1,1,,,,,,,,,,,,,,,,,,"POOR ATTITUDE OF SOME HEALTH WORKERS",,,,,,,,,,
320,320108,32010808,3201080801,1,1,1,1,1,1,,,,,,,,,,,,,,,,,,,,,,,,,,,,
321,321103,32110304,3211030405,1,1,1,1,1,2,,,,,,,,,,,,,,,,,,,,,,,,,,,,"CLOSE SUPERVISION OF STAFF"
321,321105,32110505,3211050502,1,1,2,1,1,2,"N","N","N","N","N","N","N",,"N","N","N","N","N","N","N","N","N",,"N","N","N","N","N","N","N","N","N",
321,321106,32110601,3211060105,1,2,2,2,2,1,,,,,,,,,,,,,,,,,,"poor road",,,,,,,,,,"transfer of staff"
321,321107,32110706,3211070617,1,1,1,1,1,1,,,,,,,,,,,,,,,,,,"LIMITED WARDS",,,,,,,,,,"ADD MORE STAFF"
322,322108,32210802,3221080206,1,1,1,1,1,1,"N","N","N","N","N","N","N",,"N","N","N","N","N","N","N","N","N","LIMITED FACILITIES  EG [WARDS]","N","N","N","N","N","N","N","N","N","CLOSE SUPERVISION BY THE GOVERNMENT"
322,322111,32211104,3221110412,1,1,1,1,1,1,,,,,,,,,,,,,,,,,,"NON- AVAILABILITY OF SAFE DRINKING WATER.",,,,,,,,,,"IMPROVE ON WATER AND SANNITATION"
323,323104,32310403,3231040301,1,1,1,1,1,1,"N","N","N","N","N","N","Y","CLIENTS  EXPECTATIONS  ARE  ALWAYS NOT  MET","N","N","N","Y","Y","N","N","N","Y","LATE  STARTING  OF WORK","N","N","N","N","Y","N","N","N","Y","TRANSFER  OF  STAFF"
323,323106,32310604,3231060409,3,1,1,1,1,1,,,,,,,,,,,,,,,,,,"provide  enough wards",,,,,,,,,,"improvement of better facilities i.e wards"
323,323107,32310701,3231070104,1,1,1,1,1,1,"N","N","N","N","N","N","N","CLIENTS EXPECTATIONS NOT MET","N","N","N","N","N","N","N","N","N","ABSENTEESIEM OF STAFF","N","N","N","N","N","N","N","N","N","CLOSE SUPERVISION"
323,323108,32310802,3231080204,1,1,1,1,1,1,,,,,,,,,,,,,,,,,,"CLIENT' EXPECTATIONS NOT MET BECAUSE THEY COME FROM DIFFERENT SUB-COUNTY",,,,,,,,,,"PROVIDE ENOUGH STAFF"
325,325101,32510102,3251010205,1,1,1,1,1,1,"Y","Y","Y","N","N","N","N",,"N","N","N","N","Y","N","N","N","Y","LIMITED  FACILITIES","N","N","Y","N","Y","N","N","N","Y","IMPROVE  FACILITIES E .G WATER ,MERTENITY WARD E.T.C"
325,325103,32510305,3251030508,1,2,1,1,1,1,,,,,,,,,,,,,,,,,,,,,,,,,,,,"CLOSE SUPERVISION BY THE GOVERNMENY."
325,325103,32510306,3251030601,1,1,1,1,1,1,,,,,,,,"MOTHERS PAY MONEY FOR DELIVERY AT GOVERNMENT FACILITY.",,,,,,,,,,,,,,,,,,,,"CLOSE MONITORING AND SUPERVISION BY GOVERNMENT"
325,325103,32510306,3251030602,1,2,1,1,1,1,,,,,,,,,,,,,,,,,,"CLIENTS EXPECTATIONS NOT ALWAYS MET",,,,,,,,,,"CLOSE SUPERVISION"
327,327103,32710303,3271030305,1,1,1,1,1,1,,,,,,,,,,,,,,,,,,,,,,,,,,,,
329,329106,32910602,3291060206,1,2,2,2,1,1,,,,,,,,,,,,,,,,,,"STAFF ALWAYS NOT BEING AVAILABLE",,,,,,,,,,"CLOSE SUPERVISION BY BOTH DISTRICT AND HSD"
330,330107,33010701,3301070101,1,2,1,1,2,2,,,,,,,,,,,,,,,,,,,,,,,,,,,,"PRIVATE CLINICS TO BE CLOSED"
330,330107,33010703,3301070303,1,1,1,1,1,1,,,,,,,,,,,,,,,,,,,,,,,,,,,,"INGREASE IN SUPPLY OF DRUGS"
330,330110,33011001,3301100102,3,1,1,1,1,1,"N","N","N","N","N","N","N",,"N","N","N","N","N","N","N","N","N",,"N","N","N","N","N","N","N","N","N",
402,402207,40220705,4022070507,1,1,1,1,1,1,"Y","N","N","N","N","N","N",,"Y","N","N","Y","N","N","N","Y","N",,"N","N","Y","N","N","N","N","N","Y","PUT MEDICAL EQUIPMENTS LIKE X-RAYS ETC"
402,402208,40220805,4022080505,1,1,1,1,1,1,"Y","N","Y","N","N","N","N",,"N","N","N","Y","N","N","N","Y","N",,"N","N","N","N","N","Y","Y","Y","N",
403,403101,40310102,4031010202,1,1,1,1,1,1,"N","N","N","N","N","N","N",,"N","N","N","N","N","N","N","N","N",,"N","N","N","N","N","N","N","N","N",
403,403105,40310505,4031050502,1,1,1,1,1,1,"N","N","N","N","N","N","N",,"N","N","N","N","N","N","N","N","N",,"N","N","N","N","N","N","N","N","N",
403,403201,40320102,4032010205,1,1,1,1,1,2,,,,,,,,,,,,,,,,,,,,,,,,,,,,
403,403205,40320504,4032050403,1,1,1,1,1,1,"N","N","N","N","N","N","N",,"N","N","N","N","N","N","N","N","N",,"N","N","N","N","N","N","N","N","N",
403,403301,40330104,4033010412,2,1,2,2,2,2,"N","N","N","N","N","N","N",,"N","N","N","N","N","N","N","N","N",,"N","N","N","N","N","N","N","N","N",
404,404102,40410203,4041020302,1,2,2,2,2,1,"N","N","Y","N","Y","Y","N",,"N","N","Y","Y","N","N","N","Y","N",,"Y","Y","Y","N","N","N","Y","Y","N",
404,404207,40420704,4042070409,1,1,1,1,1,1,"Y","N","Y","Y","N","N","N",,"N","N","N","Y","N","N","N","Y","N",,"N","N","Y","N","N","N","N","Y","N",
404,404403,40440303,4044030303,1,1,1,1,1,1,"Y","N","Y","N","N","N","N",,"N","N","Y","Y","N","N","N","Y","N",,"N","Y","N","N","N","Y","Y","N","N",
405,405104,40510402,4051040205,1,1,2,2,1,2,"N","N","N","N","N","N","N",,"N","N","N","N","N","N","N","N","N",,"N","N","N","N","N","N","N","N","N",
405,405208,40520803,4052080304,1,1,1,1,1,1,"N","N","N","N","N","N","N",,"N","N","N","N","N","N","N","N","N",,"N","N","N","N","N","N","N","N","N","THE GOVERNMENT SHOUL EQUIP THE FACILITY WITH ENOUGH DRUGS"
405,405211,40521103,4052110310,1,1,1,1,1,2,,,,,,,,,,,,,,,,,,,,,,,,,,,,
405,405301,40530104,4053010409,1,1,1,1,1,1,"N","N","N","N","N","N","N",,"N","N","N","N","N","N","N","N","N",,"N","N","N","N","N","N","N","N","N",
405,405302,40530203,4053020304,1,2,1,2,2,1,"N","N","N","N","N","N","N",,"N","N","N","N","N","N","N","N","N",,"N","N","N","N","N","N","N","N","N",
406,406108,40610804,4061080401,1,1,1,1,1,1,"N","N","N","N","N","N","N",,"N","N","N","N","N","N","N","N","N",,"N","N","N","N","N","N","N","N","N",
406,406201,40620102,4062010203,1,1,1,1,1,2,"N","N","N","N","N","N","N",,"N","N","N","N","N","N","N","N","N",,"N","N","N","N","N","N","N","N","N",
406,406210,40621003,4062100306,3,1,1,1,1,1,"N","N","N","N","N","N","N",,"N","N","N","N","N","N","N","N","N",,"N","N","N","N","N","N","N","N","N",
406,406212,40621201,4062120102,1,1,1,1,1,2,"N","N","N","N","N","N","N",,"N","N","N","N","N","N","N","N","N","LACK OF DRUGS","N","N","N","N","N","N","N","N","N","MORE DRUGS SHOULD BE SUPPLIED BEING A LANDING SITE AS IT HAS MANY HEALTH ISSUES"
406,406303,40630307,4063030706,1,1,1,1,1,2,"N","N","N","N","N","N","N",,"N","N","N","N","N","N","N","N","N",,"N","N","N","N","N","N","N","N","N",
407,407202,40720204,4072020402,1,1,1,1,1,1,"N","N","N","N","N","N","N",,"N","N","N","N","N","N","N","N","N",,"N","N","N","N","N","N","N","N","N",
407,407205,40720501,4072050104,2,1,1,1,1,1,"N","N","N","N","N","N","N",,"N","N","N","N","N","N","N","N","N","NONE","N","N","N","N","N","N","N","N","N","NONE"
407,407303,40730303,4073030305,1,1,1,1,1,1,"N","N","N","N","N","N","N",,"N","N","N","N","N","N","N","N","N",,"N","N","N","N","N","N","N","N","N",
407,407306,40730604,4073060419,1,2,2,2,2,2,"N","N","N","N","N","N","N",,"N","N","N","N","N","N","N","N","N",,"N","N","N","N","N","N","N","N","N","IMPROVE ON THE OUTREACH SERVICES"
408,408102,40810201,4081020104,1,1,1,1,1,1,"N","N","N","N","Y","N","N",,"N","Y","N","N","N","N","N","N","N",,"N","N","Y","N","N","N","N","N","N",
408,408112,40811202,4081120206,1,1,1,1,1,2,"Y","N","Y","N","N","N","N",,"N","N","N","Y","Y","N","N","Y","N",,"N","N","Y","N","N","N","Y","Y","N",
408,408113,40811304,4081130406,1,1,1,1,1,1,"N","N","N","Y","N","N","N",,"N","N","N","N","N","N","N","Y","N",,"N","N","Y","N","N","N","N","N","N",
409,409101,40910104,4091010401,4,1,1,1,1,1,,,,,,,,,,,,,,,,,,"NONE",,,,,,,,,,"NONE"
409,409203,40920305,4092030509,1,1,1,1,1,2,"N","N","N","N","N","N","N",,"N","N","N","N","N","N","N","N","N",,"N","N","N","N","N","N","N","N","N",
409,409301,40930103,4093010304,2,2,2,2,2,2,"N","N","N","N","N","N","N",,"N","N","N","N","N","N","N","N","N",,"N","N","N","N","N","N","N","N","N",
410,410102,41010204,4101020405,1,1,1,1,1,1,"N","N","Y","N","N","Y","N",,"N","N","Y","Y","Y","N","N","Y","N",,"Y","Y","Y","N","N","Y","Y","Y","N",
410,410105,41010502,4101050204,1,1,1,1,1,1,"N","N","N","N","N","N","Y","all services are available","N","N","N","N","N","N","N","N","Y","Being in the army barracks you can not move and out freely","N","N","N","N","N","Y","N","N","N",
410,410201,41020101,4102010106,1,1,1,1,2,1,"Y","N","N","N","N","Y","N",,"N","N","Y","Y","Y","N","N","Y","N",,"Y","N","N","N","N","Y","N","Y","Y","GOVERNMENT SHOULD INCREASE ON MEDICINES SUPPLY"
410,410201,41020101,4102010107,1,1,1,1,1,1,"Y","N","Y","N","Y","Y","N",,"N","N","Y","Y","N","N","N","Y","N",,"Y","Y","Y","N","N","N","Y","N","N",
410,410303,41030306,4103030601,1,1,1,1,1,1,"Y","N","Y","N","N","N","N",,"Y","Y","N","Y","Y","N","N","Y","N",,"Y","Y","N","Y","Y","Y","Y","Y","N",
411,411103,41110301,4111030105,1,1,1,1,1,1,"N","N","N","N","Y","Y","N",,"Y","N","Y","Y","Y","N","N","Y","N",,"Y","Y","N","N","N","Y","Y","Y","N",
411,411203,41120302,4112030202,1,1,1,1,1,1,"N","N","Y","N","N","N","N",,"Y","N","N","N","N","N","N","N","N",,"N","Y","N","N","N","N","N","N","N",
411,411302,41130202,4113020204,1,1,1,1,1,1,"N","Y","Y","Y","N","Y","N",,"Y","N","N","Y","N","N","N","Y","N",,"Y","N","N","N","N","N","Y","Y","N",
411,411304,41130402,4113040203,1,1,1,2,2,1,"Y","N","Y","N","N","N","N",,"Y","Y","Y","Y","N","N","N","Y","N",,"Y","Y","Y","N","N","Y","N","Y","N",
411,411402,41140202,4114020204,1,1,1,1,1,1,"Y","N","Y","N","N","N","N",,"N","N","N","Y","Y","N","N","Y","N",,"Y","N","N","N","Y","N","Y","Y","N",
411,411403,41140303,4114030308,1,1,1,1,1,2,"N","N","Y","N","Y","Y","N",,"N","N","Y","Y","Y","N","N","Y","N",,"Y","Y","Y","N","N","N","Y","Y","N",
412,412103,41210304,4121030414,3,1,1,1,1,1,"N","Y","N","N","N","N","N",,"N","Y","N","N","N","N","N","N","N",,"N","N","N","N","N","N","N","Y","N",
412,412201,41220107,4122010704,1,1,1,1,1,1,"Y","N","Y","Y","N","N","N",,"N","N","Y","N","N","N","N","Y","N",,"Y","Y","Y","N","N","N","Y","Y","N",
412,412203,41220304,4122030405,1,1,1,1,1,1,"N","Y","N","N","N","N","N",,"Y","Y","N","N","N","N","N","N","N",,"N","N","N","N","N","Y","N","N","N",
414,414116,41411601,4141160106,1,1,1,1,1,1,"Y","N","Y","Y","N","N","N",,"N","N","N","Y","N","N","N","Y","N",,"N","Y","N","N","N","N","Y","N","N",
415,415105,41510502,4151050204,1,1,1,1,1,2,"N","N","N","N","N","N","N",,"N","N","N","N","N","N","N","N","N",,"N","N","N","N","N","N","N","N","N",
415,415106,41510608,4151060812,1,1,1,1,1,2,"N","N","N","N","N","N","N",,"N","N","N","N","N","N","N","N","N",,"N","N","N","N","N","N","N","N","N",
415,415110,41511004,4151100404,1,1,1,1,1,1,"N","N","N","N","N","N","N",,"N","N","N","N","N","N","N","N","N",,"N","N","N","N","N","N","N","N","N",
415,415114,41511407,4151140703,1,1,1,1,1,1,,,,,,,,,,,,,,,,,,,,,,,,,,,,
417,417101,41710101,4171010109,1,1,1,2,2,1,"N","N","N","N","Y","N","N",,"Y","Y","N","N","N","N","N","N","N",,"N","N","N","N","N","N","Y","N","N",
417,417102,41710201,4171020103,1,1,1,1,1,1,"Y","N","Y","Y","N","N","N",,"Y","N","N","Y","Y","N","N","Y","N",,"N","N","Y","N","N","Y","N","Y","N",
417,417104,41710401,4171040107,1,2,2,1,2,1,"Y","N","Y","N","N","Y","N",,"Y","Y","Y","Y","N","N","N","Y","N",,"Y","Y","Y","N","N","N","Y","N","N",
417,417105,41710501,4171050107,1,1,2,2,2,1,"N","Y","N","N","Y","Y","N",,"N","N","N","Y","Y","N","N","Y","N",,"Y","Y","N","Y","Y","Y","N","Y","N",
417,417110,41711004,4171100404,1,2,1,1,2,1,"N","N","N","N","Y","N","N",,"N","N","N","Y","N","N","N","N","N",,"N","N","N","N","N","Y","N","N","N",
417,417114,41711404,4171140402,1,1,1,1,1,1,"Y","N","Y","N","N","N","N",,"N","N","Y","Y","Y","N","N","Y","N",,"Y","Y","Y","N","N","Y","Y","N","N",
418,418104,41810403,4181040301,1,1,1,2,2,2,"Y","N","N","N","N","Y","N",,"Y","Y","N","N","N","N","N","Y","N",,"Y","Y","N","N","N","N","Y","N","N",
418,418201,41820102,4182010203,1,1,1,1,1,2,"N","N","N","N","N","N","N",,"N","N","N","N","N","N","N","N","N",,"N","N","N","N","N","N","N","N","N",
418,418202,41820201,4182020104,1,1,1,1,1,1,"N","N","N","Y","Y","Y","N",,"Y","Y","Y","Y","Y","N","N","Y","N",,"Y","Y","Y","N","N","Y","N","N","N",
418,418209,41820907,4182090702,1,1,1,1,1,1,"Y","N","N","N","N","N","N",,"N","N","N","Y","N","N","N","N","N",,"N","N","N","N","N","Y","N","N","N",
419,419204,41920402,4192040205,1,2,1,1,2,1,"Y","Y","Y","N","N","N","N",,"Y","Y","N","Y","Y","N","N","Y","N",,"N","N","Y","N","N","Y","Y","Y","N",
420,420107,42010704,4201070403,1,1,1,1,1,1,"Y","N","Y","N","N","N","N",,"Y","Y","N","Y","N","N","N","Y","N",,"Y","Y","Y","N","N","N","Y","Y","N",
420,420108,42010803,4201080309,3,1,1,1,1,1,"Y","N","Y","Y","N","N","N",,"N","N","N","N","N","Y","N","Y","N",,"Y","N","N","Y","N","N","Y","N","N",
421,421108,42110801,4211080107,1,1,1,1,1,1,"N","N","N","N","N","N","N",,"N","N","N","N","N","N","N","N","N",,"N","N","N","N","N","N","N","N","N",
422,422102,42210204,4221020401,3,1,1,1,1,1,"N","N","N","N","N","N","N",,"N","N","N","N","N","N","N","N","N",,"N","N","N","N","N","N","N","N","N",
423,423109,42310905,4231090509,1,1,1,1,1,1,"N","N","N","N","Y","Y","N",,"N","N","N","Y","Y","N","N","Y","N",,"N","N","Y","N","N","Y","N","Y","N",
426,426104,42610402,4261040201,1,1,1,1,1,1,"N","N","N","N","Y","Y","N",,"N","N","Y","Y","Y","N","N","Y","N",,"Y","Y","Y","N","N","N","Y","Y","N",
