"District_Name","SubCounty","Parish","Villagecode","C4QQ123_1","C4QQ123_2","C4QQ123_3","C4QQ123_4","C4QQ123_5","C4QQ123_6","C4QQ123_7","C4QQ123_8","C4QQ123_9","C4QQ123_10","C4QQ123_11","C4QQ123_12","C4QQ123_13","C4QQ123_14","C4QQ123_15","C4QQ123_16","C4QQ123_17","C4QQ123_18","C4QQ123_19","C4QQ123_20","C4QQ123_A","C4QQ123_B","C4QQ123_C","Health_Response","Reason_Health_Not_Done"
101,101204,10120402,1012040204,,,,,,,,,,,,,,,,,,,,,,,,3,"no health centre at the island"
102,102101,10210104,1021010402,,,,,,,,,,,,,,,,,,,,,8,2,11,2,
102,102101,10210108,1021010802,,,,,,,,,,,,,,,,,,,,,2,8,14,1,
102,102102,10210202,1021020205,,,,,,,,,,,,,,,,,,,,,,,,,
102,102102,10210205,1021020504,,,,,,,,,,,,,,,,,,,,,,,,3,"the community now uses Mulago Hospital after the HC has been demolished for renovation"
102,102102,10210206,1021020601,"N","Y","N","Y","N","N","N","Y","N","N","Y","N","N","Y","N","N","N",,,,8,14,11,1,
102,102102,10210208,1021020805,,,,,,,,,,,,,,,,,,,,,2,8,11,1,
102,102103,10210301,1021030109,"N","N","N","N","N","N","N","N","N","N","N","N","N","N","N","N","N",,,,,,,3,"data collected by another team in trip 1"
102,102103,10210302,1021030203,"Y","Y",,,,,,"Y",,,"Y","Y",,"Y",,,,,,,8,1,2,1,
102,102103,10210304,1021030412,"Y","Y","N","N","N","N","N","Y","N","N","N","N","N","N","N","N","N",,,,8,1,2,3,"done by another team in trip 1"
102,102103,10210305,1021030504,"N","Y","N","N","N","N","N","N","N","N","N","N","N","N","N","N","N","WEEKLY  FORM","REGULAR  STAFF   MEETINS",,20,20,20,1,
102,102103,10210305,1021030509,"N","N","N","N","N","N","N","N","N","N","N","N","N","N","N","N","N",,,,,,,3,"Hospital is most common Facility"
102,102103,10210306,1021030606,"N","N","N","N","N","N","N","N","N","N","N","N","N","N","N","N","N",,,,,,,3,"the community uses a private hospital"
102,102103,10210308,1021030803,,,,,,,,,,,,,,,,,,,,,,,,,
102,102103,10210309,1021030904,"Y","Y","N","N","N","N","N","Y","N","N","Y","Y","N","Y","N","N","N",,,,8,1,2,1,
102,102103,10210309,1021030904,"Y","Y","N","N","N","N","N","Y","N","N","Y","Y","N","Y","N","N","N",,,,8,1,2,1,
102,102103,10210309,1021030904,"N","N","N","N","N","Y","N","N","N","N","N","N","N","N","N","N","N",,,,8,1,2,1,
102,102103,10210309,1021030904,"N","N","N","N","N","Y","N","N","N","N","N","N","N","N","N","N","N",,,,8,1,2,1,
102,102103,10210312,1021031208,,,,,,,,,,,,,,,,,,,,,,,,3,"THE COMMUNITY MAINLY USES LUBAGA HOSPITAL"
102,102104,10210401,1021040102,"Y","Y","N","N","N","N","N","Y","N","N","Y","Y","N","Y","N","N","N",,,,2,14,1,1,
102,102104,10210402,1021040203,"N","N","N","N","N","N","N","N","N","N","N","N","N","N","N","N","N",,,,,,,3,
102,102104,10210410,1021041002,"Y","Y","N","Y","N","N","N","Y","N","Y","Y","N","N","Y","Y","Y","N",,,,11,2,8,2,
102,102104,10210411,1021041118,,,,,,,,,,,,,,,,,,,,,,,,,
102,102104,10210417,1021041701,,,,,,,,,,,,,,,,,,,,,,,,3,"they mainly use Nsambya hospital"
102,102104,10210419,1021041903,"N","N","N","N","N","N","N","N","N","N","N","N","N","N","N","N","N",,,,,,,3,"HEALTH CENTRE DEMOLISHED FOR RENOVATION"
102,102105,10210501,1021050106,,,,,,,,,,,,,,,,,,,,,,,,3,"the community uses Naguru  Hospital"
102,102105,10210503,1021050307,,,,,,,,,,,,,,,,,,,,,,,,3,"THEY USE NAGURU HOSPITAL"
102,102105,10210504,1021050405,,,,,,,,,,,,,,,,,,,,,,,,3,
102,102105,10210504,1021050405,"N","N","N","N","N","N","N","N","N","N","N","N","N","N","N","N","N",,,,,,,3,
102,102105,10210510,1021051004,,,,,,,,,,,,,,,,,,,,,2,8,11,1,
102,102105,10210513,1021051305,"N","N","N","N","N","N","N","N","N","N","N","N","N","N","N","N","N",,,,,,,3,"THE COMMUNITY MEMBERS ACCESS THEIR TREATMENT FROM NAGURU HOSPITAL"
102,102105,10210515,1021051506,,,,,,,,,,,,,,,,,,,,,,,,3,"THE COMMUNITY USES THE HOSPITAL HENCE NOT DATA IS COLLECTED FROM ."
102,102105,10210518,1021051832,,,,,,,,,,,,,,,,,,,,,,,,3,"Available facility is a hospital NAGURU"
103,103105,10310505,1031050505,"N","N","N","N","N","N","N","N","N","N","N","N","N","N","N","N","N",,,,,,,3,"Hospital level"
104,104102,10410204,1041020405,,,,,,,,,,,,,,,,,,"Duty roster",,,8,18,19,1,
104,104104,10410403,1041040304,,,,,,,,,,,,,,,,,,,,,1,2,3,1,
104,104105,10410504,1041050403,,,,,,,,,,,,,,,,,,,,,2,3,8,1,
104,104208,10420804,1042080404,"Y","Y","Y","N","N","N","N","N","N","N","N","N","N","N","N","N","N",,,,1,2,3,1,
105,105105,10510502,1051050201,"N","N","N","N","N","N","N","Y","N","N","N","N","N","Y","N","N","N",,,,14,8,18,1,
106,106101,10610101,1061010108,,,,,,,,,,,,,,,,,,,,,2,11,18,1,
106,106101,10610109,1061010902,"N","Y","Y","N","N","N","N","N","N","N","N","N","N","N","N","N","N",,,,2,11,18,1,
106,106106,10610606,1061060602,,,,,,,,,,,,,,,,,,,,,3,2,19,1,
107,107105,10710503,1071050302,,,,,,,,,,,,,,,,,,,,,,,,3,"Refferal Hospital"
107,107105,10710505,1071050503,"N","N","N","N","N","N","N","N","N","N","N","N","N","N","N","N","N",,,,,,,3,"Refferal Hospital"
107,107202,10720206,1072020601,,,,,,,,,,,,,,,,,,,,,,,,3,"Hospital"
107,107302,10730203,1073020305,"N","N","N","N","N","N","N","N","N","N","N","N","N","N","N","N","N","Arrival book",,,8,18,19,1,
107,107305,10730507,1073050702,"N","N","N","N","N","Y","N","N","N","N","N","N","Y","N","N","N","N",,,,6,13,18,1,
108,108106,10810603,1081060309,"N","N","N","N","N","N","N","N","N","N","N","N","N","Y","N","N","N",,,,14,18,19,1,
108,108301,10830101,1083010101,"N","N","N","N","N","N","N","N","N","N","N","N","N","N","N","N","N",,,,18,19,20,1,
108,108301,10830105,1083010505,"N","N","N","N","N","N","N","N","N","N","N","N","N","N","N","N","N",,,,18,19,20,1,
108,108305,10830502,1083050204,"N","N","N","N","N","N","N","N","N","N","N","N","N","N","N","N","N",,,,1,12,3,1,
110,110105,11010501,1101050107,"N","N","N","N","N","N","N","N","N","N","N","N","N","N","N","N","N","Nothing at all",,,18,19,20,3,"Facility not open. Staff absenteeism."
110,110203,11020306,1102030601,,,,,,,,,,,,,,,,,,"none",,,2,3,19,1,
110,110204,11020401,1102040107,"N","N","N","N","N","N","N","N","N","N","N","N","N","N","N","N","N",,,,8,14,18,1,
110,110206,11020603,1102060309,"Y","Y","Y","N","N","N","N","N","N","N","N","N","N","N","N","N","N",,,,1,2,3,1,
110,110207,11020704,1102070403,,,,,,,,,,,,,,,,,,,,,14,18,19,1,
110,110305,11030501,1103050102,,,,,,,,,,,,,,,,,,,,,1,2,3,1,
110,110306,11030601,1103060102,"Y",,,,,,,,,,,,,,,,,,,,1,8,18,2,
111,111102,11110201,1111020105,,,,,,,,,,,,,,,,,,,,,2,3,19,2,
111,111202,11120204,1112020403,,,,,,,,,,,,,,,,,,,,,11,2,3,1,
111,111202,11120206,1112020618,,,,,,,,,,,,,,,,,,,,,11,2,3,1,
112,112102,11210203,1121020302,,,,,,,,,,,,,,,,,,,,,1,2,3,1,
112,112104,11210402,1121040209,,,,,,,,,,,,,,,,,,,,,2,3,11,1,
112,112203,11220301,1122030104,"N","Y","N","N","N","N","N","N","N","N","N","N","N","N","N","N","N",,,,2,18,18,1,
112,112204,11220403,1122040303,,,,,,,,,,,,,,,,,,,,,,,,3,"They use the main Hospital KAYUNGA HOSPITAL"
113,113105,11310504,1131050402,"N","N","N","N","N","N","N","N","N","N","N","N","N","N","N","N","N",,,,8,11,18,1,
113,113105,11310505,1131050505,,,,,,,,,,,,,,,,,,,,,2,8,11,3,"The community members mainly go to Entebbe hospital"
113,113111,11311102,1131110205,,,,,,,,,,,,,,,,,,"Duty roster",,,8,14,18,1,
113,113112,11311203,1131120307,,,,,,,,,,,,,,,,,,,,,2,3,18,1,
113,113113,11311302,1131130204,"N","N","N","N","N","N","N","N","N","N","N","N","N","N","N","N","N",,,,,,,3,"Hospital Level"
113,113113,11311306,1131130602,,,,,,,,,,,,,,,,,,"Duty rotser",,,11,8,18,1,
113,113303,11330301,1133030101,,,,,,,,,,,,,,,,,,,,,,,,,
113,113303,11330301,1133030109,"N","Y","N","N","N","N","N","Y","N","N","N","N","N","N","N","N","N",,,,2,8,18,1,
113,113303,11330305,1133030504,,,,,,,,,,,,,,,,,,"Appraisal forms",,,8,2,18,1,
113,113304,11330403,1133040308,"N","N","N","N","N","N","N","N","N","N","N","N","N","N","N","N","N",,,,,,,3,"THE ONE RESPONSIBLE FOR ANSWERING WASNT PRESENT. WILL DO IT NEXT VISIT"
113,113306,11330606,1133060601,,,,,,,,,,,,,,,,,,,,,1,2,3,3,"INCHARGE NEEDED AN INTRODUCTORY LETTER FROM THE DISTRICT HEALTH OFFFICER"
113,113307,11330701,1133070102,"N","N","N","N","N","N","N","N","N","N","N","N","N","N","N","N","N",,,,2,8,18,1,
115,115103,11510302,1151030204,"N","N","N","N","N","N","N","N","N","N","N","N","N","N","N","N","N",,,,14,18,19,1,
115,115104,11510403,1151040307,,,,,,,,,,,,,,,,,,,,,11,2,1,1,
115,115202,11520209,1152020907,,,,,,,,,,,,,,,,,,,,,11,8,,1,
115,115203,11520307,1152030702,,,,,,,,,,,,,,,,,,,,,2,3,11,1,
115,115205,11520504,1152050405,"N","N","N","N","N","N","N","N","N","N","N","N","N","N","N","N","N","CALL FOR MEETINGS","NONE",,18,11,18,1,
115,115207,11520703,1152070306,"N","N","N","N","N","N","N","N","N","N","N","N","N","N","N","N","N","Nothing",,,18,19,20,1,
116,116102,11610205,1161020501,,,,,,,,,,,,,,,,,,,,,2,3,1,1,
117,117103,11710308,1171030802,,,,,,,,,,,,,,,,,,,,,,,,3,"Refferal Hospital"
117,117104,11710405,1171040504,,,,,,,,,,,,,,,,,,,,,,,,3,"Refferal hospital"
117,117110,11711003,1171100309,"N","Y","N","N","N","N","N","Y","N","N","Y","N","N","N","N","N","N",,,,11,8,18,1,
117,117110,11711003,1171100312,,,,,,,,,,,,,,,,,,,,,2,6,3,1,
118,118101,11810104,1181010407,,,,,,,,,,,,,,,,,,,,,1,3,2,1,
119,119103,11910303,1191030304,,,,,,,,,,,,,,,,,,"Management committee deals with such issues",,,1,2,18,1,
120,120105,12010502,1201050202,,,,,,,,,,,,,,,,,,,,,,,,3,"Not there. Go to mainland at different locations"
122,122102,12210206,1221020604,"Y","Y","N","N","N","Y","N","N","N","N","N","N","N","N","N","N","N",,,,6,1,2,1,
122,122105,12210502,1221050203,,,,,,,,,,,,,,,,,,,,,1,2,3,1,
122,122106,12210602,1221060206,,,,,,,,,,,,,,,,,,,,,2,3,1,1,
123,123108,12310803,1231080303,,,,,,,,,,,,,,,,,,,,,11,2,3,1,
124,124101,12410106,1241010603,"Y","Y","Y","N","N","N","N","N","N","N","N","N","N","N","N","N","N",,,,1,2,3,1,
124,124103,12410302,1241030216,"N","N","N","N","N","N","N","N","N","N","N","N","N","Y","N","N","N",,,,14,18,19,1,
124,124104,12410401,1241040102,,,,,,,,,,,,,,,,,,"Duty roster","None","None",11,8,18,1,
124,124107,12410701,1241070106,"N","N","N","N","N","N","N","N","N","N","N","N","N","N","N","N","N","None at all",,,18,19,20,1,
124,124108,12410802,1241080210,,,,,,,,,,,,,,,,,,,,,1,11,18,1,
201,201106,20110602,2011060205,"Y","N","N","N","N","N","N","N","N","N","N","N","N","N","N","N","N",,,,1,18,19,1,
201,201106,20110602,2011060205,"Y","N","N","N","N","N","N","N","N","N","N","N","N","N","N","N","N",,,,1,18,19,1,
201,201106,20110602,2011060205,,,,,,,,,,,,,,,,,,,,,1,18,19,1,
201,201106,20110602,2011060205,,,,,,,,,,,,,,,,,,,,,1,18,19,1,
201,201110,20111009,2011100902,,,,,,,,,,,,,,,,,,"Duty Roster","NA","NA",18,1,18,1,
203,203202,20320203,2032020304,"N","Y","N","N","N","N","N","Y","N","N","N","N","N","N","N","N","N","Duty Roster",,,8,2,19,2,
203,203301,20330101,2033010101,,,,,,,,,,,,,,,,,,,,,14,11,1,1,
203,203303,20330304,2033030403,"Y","N","N","N","N","Y","N","Y","N","N","N","N","N","Y","N","N","N",,,,6,8,1,3,"Main facility is a Hospital"
204,204101,20410103,2041010302,"N","N","N","N","N","N","N","N","N","N","N","N","N","N","N","N","N",,,,1,20,18,,
204,204102,20410204,2041020405,,,,,,,,,,,,,,,,,,"DUTY ROSTER",,,18,2,19,1,
204,204203,20420301,2042030105,"N","N","N","N","N","N","N","N","N","N","N","N","N","N","N","N","N",,,,8,18,19,,
204,204301,20430101,2043010103,,,,,,,,,,,,,,,,,,"DAILY REGISTER",,,2,18,18,1,
204,204301,20430102,2043010202,,,,,,,,,,,,,,,,,,,,,1,14,8,,
204,204302,20430205,2043020514,"N","N","N","N","N","N","N","N","N","N","N","N","N","N","N","N","N",,,,1,18,19,2,
205,205104,20510401,2051040101,,,,,,,,,,,,,,,,,,,,,,,,3,"they use a gov''t hospital (kamuli hospital)"
207,207103,20710301,2071030105,"Y","Y","N","N","N","Y","N","Y","N","N","Y","N","N","N","N","N","N",,,,6,8,11,1,
208,208102,20810214,2081021402,"N","Y","N","N","N","Y","N","Y","N","N","Y","N","N","Y","N","N","N",,,,8,11,14,1,
208,208102,20810214,2081021402,"N","Y","N","N","N","Y","N","Y","N","N","Y","N","N","Y","N","N","N",,,,8,11,14,1,
208,208102,20810214,2081021402,"N","Y","N","N","N","N","N","Y","N","N","Y","N","N","Y","N","N","N",,,,8,11,14,1,
208,208102,20810214,2081021402,"N","Y","N","N","N","N","N","Y","N","N","Y","N","N","Y","N","N","N",,,,8,11,14,1,
208,208104,20810404,2081040401,,,,,,,,,,,,,,,,,,,,,1,11,8,1,
208,208107,20810713,2081071301,,,,,,,,,,,,,,,,,,,,,11,6,14,1,
209,209201,20920101,2092010105,"N","N","N","N","N","N","N","N","N","N","N","N","N","N","N","N","N","DUTY ROSTER",,,8,18,19,1,
209,209201,20920104,2092010401,"N","N","N","N","N","N","N","N","N","N","N","N","N","N","N","N","N",,,,,,,3,"weekend"
210,210205,21020504,2102050401,"N","N","N","N","N","N","N","N","N","N","N","N","N","N","N","N","N",,,,,,,1,
210,210205,21020504,2102050401,"N","N","N","N","N","N","N","N","N","N","N","N","N","N","N","N","N",,,,,,,3,"staff gone on outreach"
210,210205,21020504,2102050401,"N","N","N","N","N","N","N","Y","N","N","Y","N","N","Y","N","N","N",,,,8,14,11,1,
210,210205,21020504,2102050401,"N","N","N","N","N","N","N","Y","N","N","Y","N","N","Y","N","N","N",,,,8,14,11,3,"staff gone on outreach"
211,211101,21110105,2111010504,"Y","Y","N","N","N","Y","N","Y","N","N","Y","Y","N","Y","N","N","N",,,,8,6,11,1,
211,211103,21110303,2111030302,,,,,,,,,,,,,,,,,,,,,6,11,8,1,
211,211106,21110603,2111060303,,,,,,,,,,,,,,,,,,,,,6,14,11,1,
212,212104,21210403,2121040306,"N","N","N","N","N","N","N","Y","N","N","Y","N","N","Y","N","N","N",,,,8,14,11,1,
212,212105,21210504,2121050407,"N","N","N","N","N","N","N","N","N","N","N","N","N","N","N","N","N",,,,2,14,11,1,
212,212202,21220201,2122020101,"N","N","N","N","N","N","N","N","N","N","N","N","N","N","N","N","N",,,,2,8,11,1,
212,212305,21230502,2123050204,"N","Y","N","N","N","N","N","Y","N","N","Y","N","N","N","N","N","N",,,,8,11,2,1,
212,212311,21231101,2123110101,"N","N","N","N","N","N","N","N","N","N","N","N","N","N","N","N","N","MAKING STAFF TO STAY NEAR THE CENTRE",,,18,8,2,1,
214,214101,21410104,2141010403,,,,,,,,,,,,,,,,,,,,,,,,3,"They use a hospital called buloba st. francis hospital"
214,214101,21410106,2141010604,"N","N","N","N","N","N","N","N","N","N","N","N","N","N","N","N","N",,,,,,,3,"it''s a gorvenment hospital (st francis buluba hospital)"
214,214102,21410202,2141020206,,,,,,,,,,,,,,,,,,"Reports to Health Sub Distric Office",,,18,18,19,2,
214,214108,21410801,2141080105,"N","N","N","N","N","N","N","N","N","N","N","N","N","N","N","N","N",,,,,,,,
214,214113,21411301,2141130103,,,,,,,,,,,,,,,,,,"nothing",,,18,14,8,2,
214,214113,21411303,2141130307,"N","N","N","N","N","N","N","N","N","N","N","N","N","N","N","N","N",,,,,,,1,
214,214113,21411303,2141130307,"N","N","N","N","N","N","N","N","N","N","N","N","N","N","N","N","N",,,,,,,,
214,214113,21411303,2141130307,,,,,,,,,,,,,,,,,,,,,1,18,19,1,
214,214113,21411303,2141130307,,,,,,,,,,,,,,,,,,,,,1,18,19,,
215,215109,21510902,2151090208,"N","N","N","N","N","N","N","Y","N","N","Y","N","N","N","Y","N","N",,,,11,8,15,1,
215,215115,21511502,2151150202,"N","Y","N","N","N","N","N","N","N","N","Y","N","N","Y","N","N","N",,,,11,2,14,1,
215,215120,21512002,2151200204,"N","N","N","N","N","N","N","N","N","N","N","N","N","N","N","N","N",,,,2,14,8,1,
216,216202,21620203,2162020306,"N","Y","N","N","N","Y","N","Y","N","N","Y","N","N","Y","N","N","N",,,,11,14,2,1,
216,216202,21620203,2162020306,"N","Y","N","N","N","Y","N","Y","N","N","Y","N","N","Y","N","N","N",,,,11,14,2,1,
216,216202,21620203,2162020306,"N","N","N","N","N","N","N","N","N","N","N","N","N","N","N","N","N",,,,11,14,2,1,
216,216202,21620203,2162020306,"N","N","N","N","N","N","N","N","N","N","N","N","N","N","N","N","N",,,,11,14,2,1,
218,218103,21810302,2181030213,"N","N","N","N","N","N","N","N","N","N","N","N","N","N","N","N","N",,,,2,8,14,1,
218,218115,21811504,2181150401,"N","N","N","N","N","N","N","N","N","N","N","N","N","N","N","N","N","DUTY ROSTER",,,2,8,18,1,
219,219103,21910313,2191031301,,,,,,,,,,,,,,,,,,,,,11,14,8,1,
219,219103,21910317,2191031702,"Y","Y","N","N","N","N","N","Y","N","Y","Y","N","N","Y","Y","Y","N",,,,2,8,11,1,
219,219103,21910317,2191031702,"Y","Y","N","N","N","N","N","Y","N","Y","Y","N","N","Y","Y","Y","N",,,,2,8,11,1,
219,219103,21910317,2191031702,,,,,,,,,,,,,,,,,,,,,2,8,11,1,
219,219103,21910317,2191031702,,,,,,,,,,,,,,,,,,,,,2,8,11,1,
221,221109,22110902,2211090203,"N","N","N","N","N","N","N","Y","N","N","Y","N","N","Y","N","N","N",,,,8,11,14,1,
221,221109,22110905,2211090505,"N","N","N","N","N","N","N","N","N","N","N","N","N","N","N","N","N",,,,8,11,11,1,
222,222106,22210602,2221060201,"N","N","N","N","N","N","N","Y","N","N","Y","N","N","N","N","N","N","DUTY ROSTER",,,18,11,8,1,
223,223108,22310805,2231080506,"N","N","N","N","N","N","N","Y","N","N","Y","N","N","Y","N","N","N",,,,8,11,14,1,
223,223120,22312002,2231200204,"N","Y","N","N","N","N","N","Y","N","N","Y","N","N","N","N","N","N",,,,11,8,2,2,
223,223121,22312101,2231210104,"N","N","N","N","N","N","N","N","N","N","N","N","N","N","N","N","N","duty roster",,,15,11,18,1,
223,223121,22312101,2231210105,"N","Y","N","N","N","N","N","Y","N","N","Y","N","N","Y","N","N","N",,,,8,14,2,3,
223,223121,22312103,2231210302,"N","N","N","N","N","N","N","N","N","N","N","N","N","N","N","N","N",,,,8,14,2,1,
223,223126,22312601,2231260115,,,,,,,,,,,,,,,,,,,,,2,8,14,1,
223,223128,22312801,2231280102,"N","N","N","N","N","N","N","N","N","N","N","N","N","N","N","N","N",,,,2,14,8,2,
224,224105,22410505,2241050511,,,,,,,,,,,,,,,,,,,,,1,18,18,,
225,225103,22510304,2251030415,"N","N","N","N","N","N","N","N","N","N","N","N","N","N","N","N","N",,,,11,8,14,1,
225,225111,22511103,2251110322,"N","N","N","N","N","N","N","Y","N","N","Y","N","N","N","Y","N","N",,,,8,11,15,2,
226,226101,22610101,2261010102,"N","N","N","N","N","N","N","Y","N","N","Y","N","N","Y","Y","N","N",,,,15,8,11,1,
226,226103,22610302,2261030205,"N","N","N","N","N","N","N","N","N","N","N","N","N","N","N","N","N","duty roster",,,11,18,8,1,
226,226103,22610303,2261030301,"N","N","N","N","N","N","N","N","N","N","Y","N","N","Y","N","N","N",,,,,,,,
226,226104,22610405,2261040510,"N","N","N","N","N","N","N","Y","N","N","Y","N","N","Y","N","N","N",,,,14,8,11,1,
228,228102,22810203,2281020304,"N","Y","N","N","N","N","N","Y","N","N","Y","N","N","N","N","N","N",,,,8,2,11,1,
230,230107,23010709,2301070905,"N","N","N","N","N","N","N","N","N","N","N","N","N","N","N","N","N",,,,,,,,
232,232101,23210104,2321010406,,,,,,,,,,,,,,,,,,,,,16,11,14,1,
232,232203,23220304,2322030405,,,,,,,,,,,,,,,,,,,,,8,6,11,1,
302,302101,30210102,3021010215,"N","N","N","N","N","N","N","N","N","N","N","N","N","N","N","N","N",,,,14,16,2,,
302,302201,30220105,3022010508,"N","N","N","N","N","N","N","Y","N","N","N","N","N","Y","N","N","N","USE  OF  MONITORING  BOOK",,,14,8,18,1,
302,302201,30220107,3022010708,"N","N","N","N","N","N","N","N","N","N","N","N","N","N","N","N","N",,,,14,8,2,2,
302,302203,30220302,3022030205,,,,,,,,,,,,,,,,,,,,,,,,,
302,302204,30220405,3022040505,,,,,,,,,,,,,,,,,,"USE OF DUTY ROASTER",,,8,18,2,1,
302,302205,30220505,3022050502,"N","N","N","N","N","N","N","N","N","N","N","N","N","N","N","N","N",,,,2,2,2,1,
303,303201,30320102,3032010205,,,,,,,,,,,,,,,,,,,,,8,2,6,1,
303,303202,30320207,3032020706,,,,,,,,,,,,,,,,,,"DUTY ROSTA",,,8,18,2,1,
303,303204,30320405,3032040506,"N","N","N","N","N","N","N","N","N","N","N","N","N","N","N","N","N",,,,,,,3,"The Community uses the Referal Hospital"
303,303402,30340204,3034020408,,,,,,,,,,,,,,,,,,,,,2,18,19,1,
303,303404,30340401,3034040102,,,,,,,,,,,,,,,,,,,,,2,11,8,1,
303,303404,30340403,3034040304,,,,,,,,,,,,,,,,,,,,,2,11,8,1,
303,303405,30340507,3034050711,"N","N","N","N","N","N","N","N","N","N","N","N","N","N","N","N","N",,,,1,8,2,1,
303,303503,30350304,3035030411,,,,,,,,,,,,,,,,,,,,,2,8,12,,
303,303504,30350402,3035040205,,,,,,,,,,,,,,,,,,"NONE",,,2,8,18,1,
304,304102,30410201,3041020101,"N","N","N","N","N","N","N","N","N","N","N","N","N","N","N","N","N","USE OF REGULAR STAFF MEETINGS",,,8,18,2,,
304,304204,30420401,3042040105,"N","Y","N","N","N","N","N","Y","N","N","N","N","N","N","N","N","N","COUNCILLING",,,8,2,18,1,
304,304204,30420402,3042040201,,,,,,,,,,,,,,,,,,"USE OF REGULAR STAFF MEETINGS",,,8,18,2,1,
304,304301,30430104,3043010404,,,,,,,,,,,,,,,,,,"Use of duty roaster","Use of suspension",,2,18,8,1,
305,305102,30510208,3051020803,"N","N","N","N","N","N","N","N","N","N","N","N","N","N","N","N","N",,,,,,,,
306,306102,30610203,3061020306,,,,,,,,,,,,,,,,,,,,,6,14,11,1,
306,306103,30610301,3061030101,,,,,,,,,,,,,,,,,,,,,2,8,11,1,
306,306103,30610301,3061030101,,,,,,,,,,,,,,,,,,,,,2,8,11,1,
306,306103,30610301,3061030101,"N","Y","N","N","N","Y","N","Y","N","N","Y","N","N","Y","N","N","N",,,,2,8,11,1,
306,306103,30610301,3061030101,"N","Y","N","N","N","Y","N","Y","N","N","Y","N","N","Y","N","N","N",,,,2,8,11,1,
306,306106,30610601,3061060103,,,,,,,,,,,,,,,,,,,,,6,14,11,1,
307,307108,30710802,3071080206,,,,,,,,,,,,,,,,,,"USE OF DUTY ROASTER","USE OF LEAVE ROASTER",,8,18,19,,
307,307108,30710803,3071080301,,,,,,,,,,,,,,,,,,,,,8,2,3,,
307,307202,30720203,3072020302,,,,,,,,,,,,,,,,,,,,,,,,3,"FACILITY MAINLY USED IS HOSPITAL"
308,308102,30810206,3081020606,,,,,,,,,,,,,,,,,,,,,2,8,11,1,
309,309102,30910205,3091020502,"N","N","N","N","N","N","N","N","N","N","N","N","N","N","N","N","N",,,,11,2,8,1,
309,309103,30910305,3091030501,,,,,,,,,,,,,,,,,,,,,8,2,18,1,
309,309204,30920406,3092040606,"N","N","N","N","N","N","N","N","N","N","N","N","N","N","N","N","N",,,,14,8,2,1,
310,310102,31010202,3101020203,,,,,,,,,,,,,,,,,,,,,8,2,1,1,
310,310206,31020603,3102060309,"N","N","N","N","N","N","N","N","N","N","N","N","N","N","N","N","N","DUTY ROSTA",,,18,8,2,1,
310,310206,31020604,3102060408,,,,,,,,,,,,,,,,,,"DUTY ROSTA",,,18,8,2,1,
310,310207,31020706,3102070603,"N","N","N","N","N","N","N","N","N","N","N","N","N","N","N","N","N",,,,,,,3,"THE COMMUNITY USES THE HOSPITAL"
311,311103,31110302,3111030202,"N","Y","N","N","N","Y","N","Y","N","N","Y","N","N","Y","N","N","N",,,,6,2,11,1,
311,311103,31110302,3111030202,"N","Y","N","N","N","Y","N","Y","N","N","Y","N","N","Y","N","N","N",,,,6,2,11,1,
311,311103,31110302,3111030202,"N","N","N","N","N","N","N","N","N","N","N","N","N","N","N","N","N",,,,6,2,11,1,
311,311103,31110302,3111030202,"N","N","N","N","N","N","N","N","N","N","N","N","N","N","N","N","N",,,,6,2,11,1,
311,311302,31130201,3113020101,,,,,,,,,,,,,,,,,,,,,2,6,11,1,
312,312105,31210502,3121050202,"N","N","N","N","N","N","N","N","N","N","N","N","N","N","N","N","N","use of permission sheet",,,8,18,2,,
313,313102,31310205,3131020505,"N","N","N","N","N","N","N","N","N","N","N","N","N","N","N","N","N",,,,2,8,11,1,
313,313104,31310403,3131040312,"N","N","N","N","N","N","N","N","N","N","N","N","N","N","N","N","N","REPORTING TO THE DISTRICT",,,2,8,18,1,
314,314103,31410304,3141030403,,,,,,,,,,,,,,,,,,,,,6,14,11,1,
317,317101,31710101,3171010102,"N","N","N","N","N","N","N","Y","N","N","Y","N","N","N","N","N","N","US OF DUTY ROASTER",,,8,18,11,,
317,317102,31710202,3171020201,,,,,,,,,,,,,,,,,,"USE OF PERMISSION SHEETS",,,8,18,1,1,
317,317106,31710605,3171060512,,,,,,,,,,,,,,,,,,"use of permission sheet","use of duty roaster","use of departmental reports",8,18,19,2,
318,318103,31810302,3181030204,"N","Y","N","N","N","Y","N","N","N","N","Y","N","N","N","N","N","N",,,,2,6,11,1,
318,318103,31810302,3181030204,"N","Y","N","N","N","Y","N","N","N","N","Y","N","N","N","N","N","N",,,,2,6,11,1,
318,318103,31810302,3181030204,"N","N","N","N","N","Y","N","Y","N","N","Y","N","N","N","N","N","N",,,,2,6,11,1,
318,318103,31810302,3181030204,"N","N","N","N","N","Y","N","Y","N","N","Y","N","N","N","N","N","N",,,,2,6,11,1,
318,318107,31810705,3181070501,,,,,,,,,,,,,,,,,,,,,14,8,11,1,
318,318114,31811402,3181140207,"N","Y","N","N","N","Y","N","Y","N","N","Y","N","N","N","N","N","N",,,,6,8,11,1,
319,319103,31910303,3191030304,"N","N","N","N","N","N","N","N","N","N","N","N","N","N","N","N","N",,,,2,13,8,1,
319,319105,31910508,3191050803,,,,,,,,,,,,,,,,,,,,,8,1,2,1,
319,319107,31910702,3191070202,,,,,,,,,,,,,,,,,,,,,2,14,8,1,
320,320103,32010303,3201030323,,,,,,,,,,,,,,,,,,"STRICK ROSTER","NONE",,18,2,19,1,
320,320108,32010808,3201080801,,,,,,,,,,,,,,,,,,"US OF REGISTER BOOKS IN DIFFERENT UNIT /LEVELS",,,8,18,2,1,
321,321103,32110304,3211030405,,,,,,,,,,,,,,,,,,,,,8,2,2,,
321,321105,32110505,3211050502,"N","N","N","N","N","N","N","N","N","N","N","N","N","N","N","N","N","USE OF PERMISSION   BOOK",,,18,8,14,1,
321,321106,32110601,3211060105,,,,,,,,,,,,,,,,,,"LEAVING ROASTER",,,8,18,2,1,
321,321107,32110706,3211070617,,,,,,,,,,,,,,,,,,"REGULAR   MEETINGS WITH HEALTH MANAGEMENT COMMITTEE",,,18,2,8,1,
322,322108,32210802,3221080206,"N","N","N","N","N","N","N","N","N","N","N","N","N","N","N","N","N","REGULAR STAFF MEETINGS","USE OF PERMISSION SHEETS",,2,8,18,1,
322,322111,32211104,3221110412,,,,,,,,,,,,,,,,,,,,,15,2,8,2,
323,323104,32310403,3231040301,"N","Y","N","N","N","N","N","Y","N","N","N","N","N","N","N","N","N","contineous  filling   of  forms  for  those   not in pay roll.",,,8,2,18,1,
323,323106,32310604,3231060409,,,,,,,,,,,,,,,,,,"Regular provision of leaves","Provision of food to staff",,14,19,11,,
323,323107,32310701,3231070104,"N","N","N","N","N","N","N","N","N","N","N","N","N","N","N","N","N","USE OF DUTY ROASTER",,,8,2,18,2,
323,323108,32310802,3231080204,,,,,,,,,,,,,,,,,,"USE OF DUTY ROASTER",,,18,8,2,1,
325,325101,32510102,3251010205,"N","Y","N","N","N","N","N","Y","N","N","N","N","N","Y","N","N","N","USE OF  PROFFESSIONAL  CODE  CONDUCT.",,,8,2,18,1,
325,325103,32510305,3251030508,,,,,,,,,,,,,,,,,,"use of staff discipline chart",,,2,8,18,1,
325,325103,32510306,3251030601,,,,,,,,,,,,,,,,,,"use of staff discipline chart",,,2,8,18,2,
325,325103,32510306,3251030602,,,,,,,,,,,,,,,,,,"use of staff discipline chart",,,2,8,18,2,
327,327103,32710303,3271030305,,,,,,,,,,,,,,,,,,,,,6,11,8,1,
329,329106,32910602,3291060206,,,,,,,,,,,,,,,,,,"USE OF DUTY ROASTER",,,8,18,2,,
330,330107,33010701,3301070101,,,,,,,,,,,,,,,,,,"INTRODUCTION OF DUTY ROSTER","THE STAFF WHO IS LEAVING HAS TO WRITE A REPORT",,2,18,11,1,
330,330107,33010703,3301070303,,,,,,,,,,,,,,,,,,"DUTY ROSTA","STAFF LEAVING WRITES A REPORT",,2,11,19,1,
330,330110,33011001,3301100102,"N","N","N","N","N","N","N","N","N","N","N","N","N","N","N","N","N","DUTYB ROSTA",,,3,2,8,1,
402,402207,40220705,4022070507,"N","Y","N","N","N","N","N","N","N","N","N","N","N","N","N","N","N",,,,8,6,11,1,
402,402208,40220805,4022080505,"Y","Y","N","N","N","Y","N","Y","N","N","Y","Y","N","N","N","N","N",,,,8,6,11,1,
403,403101,40310102,4031010202,"Y","N","N","N","N","N","N","Y","N","N","N","N","N","Y","N","N","N",,,,1,8,14,1,
403,403105,40310505,4031050502,"N","N","N","N","N","N","N","N","N","N","N","N","N","N","N","N","N",,,,8,6,14,1,
403,403201,40320102,4032010205,,,,,,,,,,,,,,,,,,,,,14,6,8,1,
403,403205,40320504,4032050403,"Y","N","N","N","N","Y","N","Y","N","Y","Y","N","N","Y","N","N","N","SUPPORT FROM UNHCR STAFF",,,6,8,14,3,"INCHARGE HAD GONE TO THE REFUGEE CAMP FOR A MEETING"
403,403301,40330104,4033010412,"N","N","N","N","N","N","N","N","N","N","N","N","N","N","N","N","N",,,,,,,3,"THE COMMUNITY USES A HOSPITAL"
404,404102,40410203,4041020302,"N","Y","N","N","N","N","N","Y","N","N","Y","Y","N","Y","N","N","N",,,,8,12,11,1,
404,404207,40420704,4042070409,"Y","N","N","N","N","N","N","N","N","N","N","N","N","N","N","N","N",,,,8,11,6,1,
404,404403,40440303,4044030303,"Y","N","Y","N","N","N","N","Y","N","N","Y","N","N","N","N","N","N",,,,8,2,11,1,
405,405104,40510402,4051040205,"N","N","N","N","N","N","N","N","N","N","N","N","N","N","N","N","N",,,,14,8,2,1,
405,405208,40520803,4052080304,"N","N","N","N","N","N","N","N","N","N","N","N","N","N","N","N","N","NONE",,,8,18,19,1,
405,405211,40521103,4052110310,,,,,,,,,,,,,,,,,,,,,8,11,12,1,
405,405301,40530104,4053010409,"N","N","N","N","N","N","N","Y","N","N","Y","N","N","Y","N","N","N",,,,8,11,14,1,
405,405302,40530203,4053020304,"N","N","N","N","N","N","N","Y","N","N","N","N","Y","Y","N","N","N",,,,13,8,14,2,
406,406108,40610804,4061080401,"N","N","N","N","N","N","N","N","N","N","N","N","N","N","N","N","N",,,,8,14,18,1,
406,406201,40620102,4062010203,"N","N","N","N","N","N","N","N","N","N","N","N","N","N","N","N","N","NONE",,,18,19,20,,
406,406210,40621003,4062100306,"N","N","N","N","N","N","N","N","N","N","N","N","N","N","N","N","N",,,,6,14,11,1,
406,406212,40621201,4062120102,"Y","N","N","N","N","N","N","Y","N","N","N","N","N","N","N","N","N","none","none","none",1,8,18,3,"THEY HAD ALL GONE FOR OUTREACH(THEY ARE ONLY TWO)"
406,406303,40630307,4063030706,"N","N","N","N","N","N","N","N","N","N","N","N","N","N","N","N","N",,,,14,8,18,1,
407,407202,40720204,4072020402,"N","N","N","N","N","N","N","N","N","N","N","N","N","N","N","N","N",,,,14,8,2,1,
407,407205,40720501,4072050104,"N","N","N","N","N","N","N","N","N","N","N","N","N","N","N","N","N",,,,,,,3,"THE COMMUNITY USE KAGADI HOSPITAL"
407,407303,40730303,4073030305,"Y","Y","N","N","N","Y","N","Y","N","N","Y","N","N","Y","N","N","N",,,,6,1,11,3,"INCHARGE NOT AROUND & OTHERS WERE TOO BUSY TO ATTEND TO ME"
407,407306,40730604,4073060419,"N","N","N","N","N","N","N","N","N","N","N","N","N","N","N","N","N",,,,14,8,1,3,"WEEKEND"
408,408102,40810201,4081020104,"N","Y","N","N","N","Y","N","Y","N","N","Y","Y","N","Y","N","N","N",,,,6,8,2,1,
408,408112,40811202,4081120206,"N","Y","N","N","N","Y","N","Y","N","N","Y","Y","Y","Y","N","N","N",,,,8,6,14,1,
408,408113,40811304,4081130406,"Y","N","N","N","N","N","N","N","N","N","N","N","N","N","N","N","N",,,,6,8,12,1,
409,409101,40910104,4091010401,,,,,,,,,,,,,,,,,,,,,,,,3,"THEY USE A PRIVATE HOSPITAL & P7 PUPILS HAD ALREADY LEFT SCHOOL."
409,409203,40920305,4092030509,"N","N","N","N","N","N","N","N","N","N","N","N","N","N","N","N","N",,,,6,14,8,1,
409,409301,40930103,4093010304,"N","N","N","N","N","N","N","N","N","N","N","N","N","N","N","N","N",,,,,,,3,"THE COMMUNITY USE  MASINDI HOSPITAL"
410,410102,41010204,4101020405,"N","Y","N","N","N","Y","N","Y","N","N","Y","N","N","N","N","N","N",,,,8,6,11,1,
410,410105,41010502,4101050204,"Y","Y","Y","N","N","Y","N","Y","N","N","Y","Y","N","N","N","N","N",,,,8,6,11,1,
410,410201,41020101,4102010106,"N","N","N","N","N","N","N","N","N","N","N","N","N","N","N","N","N",,,,,,,3,"IN CHARGE & ASSISTANT IN WORKSOP FOR A WEEK. TO BE DONE DURING SECOND VISIST"
410,410201,41020101,4102010107,"Y","Y","N","N","N","N","N","Y","N","N","Y","Y","N","N","N","N","N",,,,8,11,12,3,"IN CHARGE NOT AROUND TO BE CAPTURED DURING 2nd VISIT"
410,410303,41030306,4103030601,"N","Y","N","N","N","Y","N","Y","N","N","N","N","N","N","N","N","N",,,,6,8,2,1,
411,411103,41110301,4111030105,"N","Y","N","N","N","Y","N","N","N","N","Y","Y","N","N","N","N","N",,,,6,11,2,1,
411,411203,41120302,4112030202,"N","N","N","N","N","N","N","N","N","N","N","N","N","N","N","N","N",,,,8,6,11,1,
411,411302,41130202,4113020204,"Y","Y","N","N","N","Y","N","Y","N","N","Y","Y","N","Y","N","N","N",,,,6,8,11,1,
411,411304,41130402,4113040203,"N","Y","N","N","N","N","N","Y","N","N","Y","Y","N","N","N","N","N",,,,8,11,2,2,
411,411402,41140202,4114020204,"N","N","N","N","N","Y","N","Y","N","N","Y","N","N","Y","N","N","N",,,,8,6,2,1,
411,411403,41140303,4114030308,"N","Y","N","N","N","Y","N","Y","N","N","Y","N","N","N","N","N","N",,,,6,8,2,1,
412,412103,41210304,4121030414,"Y","Y","Y","N","N","N","N","N","N","N","Y","Y","N","N","N","N","N",,,,8,2,3,1,
412,412201,41220107,4122010704,"N","Y","N","N","N","Y","N","Y","N","N","N","Y","N","N","N","N","N",,,,6,8,2,1,
412,412203,41220304,4122030405,"N","Y","N","N","N","N","N","Y","N","N","Y","Y","N","N","N","N","N",,,,12,8,11,3,"NO BODY WAS AT THE HEALTH CENTER/ IT WAS LOCKED FOR THE THREE DAS WE WERE IN THE EA"
414,414116,41411601,4141160106,"Y","N","N","N","N","N","N","N","N","N","N","N","N","N","N","N","N",,,,8,6,11,1,
415,415105,41510502,4151050204,"N","N","N","N","N","N","N","N","N","N","N","N","N","N","N","N","N",,,,8,14,11,1,
415,415106,41510608,4151060812,"N","N","N","N","N","Y","N","N","N","N","Y","N","N","Y","N","N","N",,,,11,14,6,1,
415,415110,41511004,4151100404,"N","N","N","N","N","N","N","N","N","N","N","N","N","N","N","N","N",,,,14,8,11,1,
415,415114,41511407,4151140703,,,,,,,,"Y",,,,,,"Y",,,,"REGULAR MEETINGS TO AIR OUT ANY PROBLEMS",,,14,18,8,1,
417,417101,41710101,4171010109,"N","Y","N","N","N","N","N","N","N","N","N","N","N","N","N","N","N",,,,8,6,11,1,
417,417102,41710201,4171020103,"N","N","N","N","N","N","N","N","N","N","Y","N","N","N","N","N","N",,,,8,6,11,1,
417,417104,41710401,4171040107,"N","Y","N","N","N","Y","N","Y","N","N","Y","N","N","N","N","N","N",,,,6,8,11,1,
417,417105,41710501,4171050107,"Y","Y","N","N","N","Y","Y","Y","N","N","Y","N","N","Y","N","N","N",,,,8,6,11,2,
417,417110,41711004,4171100404,"N","Y","N","N","N","N","N","N","N","N","N","Y","N","N","N","N","N",,,,6,8,11,1,
417,417114,41711404,4171140402,"N","Y","N","N","N","N","N","Y","N","N","Y","N","N","N","N","N","N",,,,8,11,2,1,
418,418104,41810403,4181040301,"Y","N","N","N","N","Y","N","Y","N","N","Y","N","N","N","N","N","N",,,,11,14,2,1,
418,418201,41820102,4182010203,"N","N","N","N","N","N","N","N","N","N","N","Y","N","N","N","N","N",,,,6,2,8,1,
418,418202,41820201,4182020104,"Y","N","N","N","N","Y","N","N","N","N","Y","Y","N","N","N","N","N",,,,6,11,2,3,"HEALTH WORK NOT FOUND TO BE DONE DURING THE 2nd VISIT"
418,418209,41820907,4182090702,"N","Y","N","N","N","N","N","N","N","N","N","N","N","N","N","N","N",,,,6,8,12,1,
419,419204,41920402,4192040205,"Y","Y","N","N","N","N","N","N","N","N","N","N","N","N","N","N","N",,,,6,8,11,1,
420,420107,42010704,4201070403,"N","N","Y","N","N","N","N","N","N","N","N","N","N","N","N","N","N",,,,8,6,11,2,
420,420108,42010803,4201080309,"Y","Y","Y","N","N","Y","N","Y","N","N","Y","Y","N","N","N","N","N",,,,6,11,2,1,
421,421108,42110801,4211080107,"N","N","N","N","N","N","N","N","N","N","N","N","N","N","N","N","N",,,,14,8,18,1,
422,422102,42210204,4221020401,"N","N","N","N","N","N","N","Y","N","N","Y","N","N","Y","N","N","N",,,,14,8,11,2,
423,423109,42310905,4231090509,"N","N","N","N","N","N","N","N","N","N","N","N","N","N","N","N","N",,,,,,,3,"NOT DONE, ITS A WEEKEND"
426,426104,42610402,4261040201,"N","Y","N","N","N","Y","N","Y","N","N","Y","N","N","N","N","N","N",,,,8,6,11,1,
