"District_Name","SubCounty","Parish","Villagecode","C3KQ64_1","C3KQ64_2","C3KQ64_3","C3KQ64_4","C3KQ64_5","C3KQ64_6","C3KQ64_7","C3KQ64_8","C3KQ64_9","C3KQ64_10","C3KQ64_11","C3KQ64_12","C3KQ64_13","C3KQ64_14","C3KQ64_15","C3KQ64_16","C3KQ64_17","C3KQ64_18","C3KQ64_19","C3KQ64_20","C3KQ64_A","C3KQ64_B","C3KQ64_C","Survey_Visit","Education_Response","Reason_Edu_Not_Done"
101,101204,10120402,1012040204,,,,,,,,,,,,,,,,,,,,,,,,2,3,"no school at the island"
102,102101,10210104,1021010402,,,,,,,,,,,,,,,,,,,,,2,8,11,2,1,
102,102101,10210108,1021010802,,,,,,,,,,,,,,,,,,,,,1,8,12,2,2,
102,102102,10210202,1021020205,,,,,,,,,,,,,,,,,,,,,8,18,19,2,2,
102,102102,10210205,1021020504,,,,,,,,,,,,,,,,,,"WITHHOLDING SALARY",,,8,11,2,2,1,
102,102102,10210206,1021020601,"N","N","N","Y","N","N","N","N","N","N","Y","N","N","N","N","N","N",,,,4,8,5,2,3,"The school was still closed for holidays"
102,102102,10210208,1021020805,,,,,,,,,,,,,,,,,,,,,2,8,11,2,1,
102,102103,10210301,1021030109,"N","N","N","N","N","N","N","N","N","N","N","N","N","N","N","N","N",,,,2,11,8,2,1,
102,102103,10210302,1021030203,,,,,,,,,,,,,,,,,,,,,8,14,11,2,1,
102,102103,10210304,1021030412,"N","N","N","N","N","N","N","N","N","N","N","N","N","N","N","N","N",,,,,,,2,3,"holiday"
102,102103,10210305,1021030504,"N","N","N","N","N","N","N","Y","N","N","N","N","N","N","N","N","N","USE OF DEPARTURE BOOK","USE OF REQUEST LETTERS",,8,18,19,1,2,
102,102103,10210305,1021030509,"Y","N","N","Y","N","Y","N","N","N","N","N","N","N","N","N","N","N",,,,1,7,6,2,3,"No Contact"
102,102103,10210306,1021030606,"N","Y","N","N","N","Y","N","Y","N","N","Y","N","N","N","N","N","N",,,,6,2,8,2,3,"school closed for holidays"
102,102103,10210308,1021030803,,,,,,,,,,,,,,,,,,,,,1,2,18,2,,
102,102103,10210309,1021030904,"N","Y","Y","N","N","Y","N","Y","N","N","N","N","N","Y","N","N","N",,,,6,3,2,2,1,
102,102103,10210309,1021030904,"N","Y","Y","N","N","Y","N","Y","N","N","N","N","N","Y","N","N","N",,,,6,3,2,1,1,
102,102103,10210312,1021031208,,,,,,,,,,,,,,,,,,,,,2,11,6,2,2,
102,102104,10210401,1021040102,"Y","Y","N","N","N","N","N","Y","N","N","Y","Y","N","Y","N","N","N",,,,2,8,11,2,3,"THE SCHOOL WAS STILL CLOSED FOR HOLIDAYS"
102,102104,10210402,1021040203,"N","N","N","N","N","N","N","N","N","N","N","N","N","N","N","N","N",,,,,,,1,3,
102,102104,10210410,1021041002,"Y","Y","N","Y","N","N","N","Y","N","Y","Y","N","N","Y","Y","Y","N",,,,2,1,4,2,2,
102,102104,10210411,1021041118,,,,,,,,,,,,,,,,,,,,,,,,2,,
102,102104,10210417,1021041701,,,,,,,,,,,,,,,,,,,,,1,2,3,2,3,"no one was present at school"
102,102104,10210419,1021041903,"N","Y","N","N","N","N","N","Y","N","N","Y","N","N","N","N","N","N",,,,11,8,2,2,3,"SCHOOL CLOSED FOR HOLIDAY"
102,102105,10210501,1021050106,,,,,,,,,,,,,,,,,,,,,6,2,8,2,1,
102,102105,10210503,1021050307,,,,,,,,,,,,,,,,,,,,,,,,2,3,"CALL BACK. PERSON RESPONSIBLE NOT AROUND EVEN ON VISIT 2 ITS STILL AN APPOINTMENT BUT THEY ARE JUST TOSSING ME AROUND"
102,102105,10210504,1021050405,,,,,,,,,,,,,,,,,,,,,8,2,14,2,3,
102,102105,10210504,1021050405,"N","N","N","N","N","N","N","N","N","N","N","N","N","N","N","N","N",,,,8,2,14,2,3,
102,102105,10210510,1021051004,,,,,,,,,,,,,,,,,,,,,,,,2,3,"THE SCHOOL HAD CLOSED FOR HOLIDAYS"
102,102105,10210513,1021051305,"N","Y","N","N","N","N","N","Y","N","N","Y","N","N","Y","N","N","N",,,,8,11,2,2,3,"THE SCHOOL WAS CLOSED SINCE IT WAS STILL HOLIDAY TIME"
102,102105,10210515,1021051506,,,,,,,,,,,,,,,,,,,,,13,4,8,2,2,
102,102105,10210518,1021051832,,,,,,,,,,,,,,,,,,,,,1,8,11,2,1,
103,103105,10310505,1031050505,"Y","N","N","N","N","N","N","N","N","N","N","N","N","N","N","N","N","Provision of lunch",,,1,18,19,2,3,"On holiday"
104,104102,10410204,1041020405,,,,,,,,,,,,,,,,,,"Inspiration from Headteacher",,,2,18,11,2,1,
104,104104,10410403,1041040304,,,,,,,,,,,,,,,,,,,,,1,2,3,2,2,
104,104105,10410504,1041050403,,,,,,,,,,,,,,,,,,,,,8,2,3,2,1,
104,104208,10420804,1042080404,"Y","Y","Y","N","N","N","N","N","N","N","N","N","N","N","N","N","N",,,,1,2,3,2,2,
105,105105,10510502,1051050201,"N","N","N","N","N","N","N","Y","N","N","N","N","N","N","N","N","N","Obtaining a written permission",,,18,8,19,2,2,
106,106101,10610101,1061010108,,,,,,,,,,,,,,,,,,"Filling in absence forms",,,1,2,18,2,1,
106,106101,10610109,1061010902,"N","Y","N","N","N","N","N","N","N","N","N","N","N","N","N","N","N","Written permision for leaving School",,,18,19,20,2,3,"On holiday"
106,106106,10610606,1061060602,,,,,,,,,,,,,,,,,,,,,1,18,19,2,1,
107,107105,10710503,1071050302,,,,,,,,,,,,,,,,,,"None","None","None",2,11,18,2,1,
107,107105,10710505,1071050503,"N","N","N","N","N","N","N","N","N","N","N","N","N","N","N","N","N","Written permision",,,8,18,19,2,1,
107,107202,10720206,1072020601,,,,,,,,,,,,,,,,,,"None",,,18,19,20,2,1,
107,107302,10730203,1073020305,"N","N","N","N","N","N","N","N","N","N","N","N","N","N","N","N","N","Teachers' leave book",,,18,18,19,2,3,"On holiday"
107,107305,10730507,1073050702,"N","N","N","N","N","N","N","N","N","N","N","N","N","N","N","N","N",,,,,,,2,3,"On holiday"
108,108106,10810603,1081060309,"Y","N","N","N","N","N","N","N","N","N","N","N","N","N","N","N","N","Guidance and councelling","Provision of meals at school",,18,1,19,2,3,"On holiday"
108,108301,10830101,1083010101,"N","N","N","N","N","N","N","N","N","N","N","N","N","N","N","N","N",,,,,,,2,3,"On holiday"
108,108301,10830105,1083010505,"N","N","N","N","N","N","N","N","N","N","N","N","N","N","N","N","N","Teacher sensitization","Arrival book",,18,19,20,2,3,"On holiday"
108,108305,10830502,1083050204,"N","N","N","N","N","N","N","N","N","N","N","N","N","N","N","N","N",,,,2,1,3,2,1,
110,110105,11010501,1101050107,"N","N","N","N","N","N","N","N","N","N","N","N","N","Y","N","N","N",,,,14,18,19,2,1,
110,110203,11020306,1102030601,,,,,,,,,,,,,,,,,,,,,1,2,3,2,2,
110,110204,11020401,1102040107,"N","Y","N","N","N","N","N","N","N","N","N","N","N","N","N","N","N","Verbal warning",,,2,18,18,2,3,"On holiday"
110,110206,11020603,1102060309,"N","Y","Y","N","N","N","N","N","N","N","N","N","N","N","N","N","N",,,,2,3,19,1,2,
110,110207,11020704,1102070403,,,,,,,,,,,,,,,,,,,,,2,1,18,2,1,
110,110305,11030501,1103050102,,,,,,,,,,,,,,,,,,,,,1,2,3,2,1,
110,110306,11030601,1103060102,,,,,,,,,,,,,,,,,,,,,1,2,3,2,2,
111,111102,11110201,1111020105,,,,,,,,,,,,,,,,,,,,,2,3,18,2,1,
111,111202,11120204,1112020403,,,,,,,,,,,,,,,,,,,,,1,2,3,2,1,
111,111202,11120206,1112020618,,,,,,,,,,,,,,,,,,,,,1,2,3,2,1,
112,112102,11210203,1121020302,,,,,,,,,,,,,,,,,,,,,1,2,2,2,2,
112,112104,11210402,1121040209,,,,,,,,,,,,,,,,,,,,,2,3,11,2,1,
112,112203,11220301,1122030104,"N","Y","N","N","N","N","N","N","N","N","N","N","N","N","N","N","N",,,,2,18,19,2,3,"On holiday"
112,112204,11220403,1122040303,,,,,,,,,,,,,,,,,,,,,1,1,2,2,1,
113,113105,11310504,1131050402,"N","Y","N","N","N","N","N","Y","N","N","Y","N","N","N","N","N","N",,,,2,8,11,2,3,"On holiday"
113,113105,11310505,1131050505,,,,,,,,,,,,,,,,,,,,,2,8,11,2,1,
113,113111,11311102,1131110205,,,,,,,,,,,,,,,,,,"Away form",,,18,18,20,2,1,
113,113112,11311203,1131120307,,,,,,,,,,,,,,,,,,,,,2,3,20,2,1,
113,113113,11311302,1131130204,"N","N","N","N","N","N","N","N","N","N","N","N","N","N","N","N","N","Arrival book",,,18,2,1,2,1,
113,113113,11311306,1131130602,,,,,,,,,,,,,,,,,,,,,8,3,18,2,1,
113,113303,11330301,1133030101,,,,,,,,,,,,,,,,,,,,,8,2,3,2,,
113,113303,11330301,1133030109,"N","Y","N","N","N","N","N","N","N","N","N","N","N","N","Y","Y","N",,,,16,15,2,2,3,"On holiday"
113,113303,11330305,1133030504,,,,,,,,,,,,,,,,,,"Teachers arrival book","Duty roster",,18,19,,2,1,
113,113304,11330403,1133040308,"N","Y","Y","N","N","N","N","Y","N","N","N","N","N","N","N","N","N",,,,2,2,8,1,1,
113,113306,11330606,1133060601,,,,,,,,,,,,,,,,,,,,,1,19,18,2,1,
113,113307,11330701,1133070102,"N","N","N","N","N","N","N","N","N","N","N","N","N","N","N","N","N",,,,2,18,19,2,1,
115,115103,11510302,1151030204,"N","N","N","N","N","N","N","Y","N","N","N","N","N","N","N","N","N","Arrival book","Written permission",,8,18,18,2,3,"Weekend"
115,115104,11510403,1151040307,,,,,,,,,,,,,,,,,,,,,1,2,3,2,3,"on holiday"
115,115202,11520209,1152020907,,,,,,,,,,,,,,,,,,,,,11,13,14,2,1,
115,115203,11520307,1152030702,,,,,,,,,,,,,,,,,,,,,8,2,3,2,1,
115,115205,11520504,1152050405,"N","N","N","N","N","N","N","N","N","N","N","N","N","N","N","N","N","NONE",,,1,8,18,2,1,
115,115207,11520703,1152070306,"N","Y","N","N","N","N","N","Y","N","N","N","N","N","N","N","N","Y",,,,17,2,8,2,1,
116,116102,11610205,1161020501,,,,,,,,,,,,,,,,,,,,,1,3,2,2,1,
117,117103,11710308,1171030802,,,,,,,,,,,,,,,,,,,,,2,18,19,2,1,
117,117104,11710405,1171040504,,,,,,,,,,,,,,,,,,,,,8,18,19,2,1,
117,117110,11711003,1171100309,"N","N","N","N","N","N","N","N","N","N","N","N","N","N","N","N","N",,,,,,,1,3,"On holiday"
117,117110,11711003,1171100312,,,,,,,,,,,,,,,,,,,,,2,1,3,2,1,
118,118101,11810104,1181010407,,,,,,,,,,,,,,,,,,"explanation to the head teacher",,,2,3,19,2,1,
119,119103,11910303,1191030304,,,,,,,,,,,,,,,,,,,,,2,3,20,2,1,
120,120105,12010502,1201050202,,,,,,,,,,,,,,,,,,"Self motivated","Sensitize parents",,18,11,2,2,1,
122,122102,12210206,1221020604,"N","Y","N","N","N","N","N","Y","N","N","N","N","N","N","N","N","N",,,,2,8,18,2,1,
122,122105,12210502,1221050203,,,,,,,,,,,,,,,,,,,,,1,2,3,2,1,
122,122106,12210602,1221060206,,,,,,,,,,,,,,,,,,,,,1,2,3,2,1,
123,123108,12310803,1231080303,,,,,,,,,,,,,,,,,,,,,8,1,2,2,1,
124,124101,12410106,1241010603,"Y","Y","Y","N","N","N","N","N","N","N","N","N","N","N","N","N","N",,,,1,2,3,2,2,
124,124103,12410302,1241030216,"N","N","N","N","N","N","N","Y","N","N","N","N","N","N","N","N","N",,,,8,18,19,2,3,"Over a weekend"
124,124104,12410401,1241040102,,,,,,,,,,,,,,,,,,"Regular meetings","Nothing","Nothing",18,18,18,2,1,
124,124107,12410701,1241070106,"N","Y","N","N","N","N","N","Y","N","N","N","Y","N","N","N","N","N",,,,2,12,8,2,1,
124,124108,12410802,1241080210,,,,,,,,,,,,,,,,,,,,,1,2,3,2,2,
201,201106,20110602,2011060205,"Y","Y","N","N","N","N","N","N","N","N","N","N","N","N","N","N","N",,,,1,2,18,2,1,
201,201106,20110602,2011060205,"Y","Y","N","N","N","N","N","N","N","N","N","N","N","N","N","N","N",,,,1,2,18,1,1,
201,201106,20110602,2011060205,,,,,,,,,,,,,,,,,,,,,1,2,18,1,1,
201,201106,20110602,2011060205,,,,,,,,,,,,,,,,,,,,,1,2,18,2,1,
201,201110,20111009,2011100902,,,,,,,,,,,,,,,,,,"feeding",,,7,11,18,2,3,"Away for holidays"
203,203202,20320203,2032020304,"N","N","N","N","N","N","N","N","N","N","N","N","N","N","N","N","N",,,,,,,1,3,"OFF for HOLIDAY. HM NOT FOUND"
203,203301,20330101,2033010101,,,,,,,,,,,,,,,,,,,,,8,1,2,2,1,
203,203303,20330304,2033030403,"Y","N","N","N","N","N","N","Y","N","N","Y","N","N","N","N","N","N",,,,11,1,8,2,3,"Away for holiday."
204,204101,20410103,2041010302,"Y","Y","N","N","N","N","N","N","N","N","Y","N","N","N","N","N","N",,,,1,8,2,2,,
204,204102,20410204,2041020405,,,,,,,,,,,,,,,,,,,,,2,18,19,2,2,
204,204203,20420301,2042030105,"N","N","N","N","N","N","N","N","N","N","N","N","N","N","N","N","N",,,,8,11,18,2,1,
204,204301,20430101,2043010103,,,,,,,,,,,,,,,,,,,,,11,8,18,2,1,
204,204301,20430102,2043010202,,,,,,,,,,,,,,,,,,,,,2,11,8,2,2,
204,204302,20430205,2043020514,"N","N","N","N","N","N","N","N","N","N","N","N","N","N","N","N","N","Duty Roster",,,1,2,18,2,2,
205,205104,20510401,2051040101,,,,,,,,,,,,,,,,,,"provide lunch",,,1,2,18,2,1,
207,207103,20710301,2071030105,"N","N","N","N","N","N","N","N","N","N","N","N","N","N","N","N","N",,,,6,11,8,2,3,"THE SCHOOL WAS CLOSED FOR HOLIDAYS"
208,208102,20810214,2081021402,"N","N","N","N","N","N","N","N","N","N","N","N","N","N","N","N","N",,,,6,8,11,2,1,
208,208102,20810214,2081021402,"N","N","N","N","N","N","N","N","N","N","N","N","N","N","N","N","N",,,,6,8,11,1,1,
208,208102,20810214,2081021402,"Y","Y","N","N","N","Y","N","Y","N","N","Y","N","N","Y","N","N","N",,,,6,8,11,1,1,
208,208102,20810214,2081021402,"Y","Y","N","N","N","Y","N","Y","N","N","Y","N","N","Y","N","N","N",,,,6,8,11,2,1,
208,208104,20810404,2081040401,,,,,,,,,,,,,,,,,,,,,8,11,14,2,2,
208,208107,20810713,2081071301,,,,,,,,,,,,,,,,,,,,,2,11,14,2,2,
209,209201,20920101,2092010105,"N","N","N","N","N","N","N","N","N","N","N","N","N","N","N","N","N","DUTY ROSTER","DISPLAY OF ATTENDENCE CHART",,8,18,19,2,1,
209,209201,20920104,2092010401,"N","N","N","N","N","N","N","N","N","N","N","N","N","N","N","N","N",,,,,,,1,3,"not school day, weekend"
210,210205,21020504,2102050401,"N","N","N","N","N","N","N","Y","N","N","Y","N","N","Y","N","N","N",,,,8,11,14,2,1,
210,210205,21020504,2102050401,"N","N","N","N","N","N","N","Y","N","N","Y","N","N","Y","N","N","N",,,,8,11,14,1,1,
210,210205,21020504,2102050401,"N","N","N","N","N","N","N","N","N","N","N","N","N","N","N","N","N",,,,8,11,14,2,1,
210,210205,21020504,2102050401,"N","N","N","N","N","N","N","N","N","N","N","N","N","N","N","N","N",,,,8,11,14,1,1,
211,211101,21110105,2111010504,"N","N","N","N","N","N","N","N","N","N","N","N","N","N","N","N","N",,,,8,11,6,2,3,"SCHOOL WAS CLOSED IT WAS HOLIDAYS"
211,211103,21110303,2111030302,,,,,,,,,,,,,,,,,,,,,8,11,2,2,1,
211,211106,21110603,2111060303,,,,,,,,,,,,,,,,,,,,,6,8,11,2,2,
212,212104,21210403,2121040306,"N","N","N","N","N","N","N","N","N","N","N","N","N","N","N","N","N","WRITTEN REASON FOR ABSENTIA",,,8,18,14,2,1,
212,212105,21210504,2121050407,"N","N","N","N","N","N","N","N","N","N","N","N","N","N","N","N","N",,,,2,8,11,2,1,
212,212202,21220201,2122020101,"N","N","N","N","N","N","N","N","N","N","N","N","N","N","N","N","N","MONTHLY ATTENDENCE FORMS TO THE TOWN CLERK",,,8,18,15,2,1,
212,212305,21230502,2123050204,"N","N","N","N","N","N","N","Y","N","N","Y","N","N","N","N","N","N","MONTHLY ATTENDENCE REGISTER SUBMITED TO DISTRICT OFFICE",,,8,18,11,2,3,"holiday time"
212,212311,21231101,2123110101,"N","N","N","N","N","N","N","N","N","N","N","N","N","N","N","N","N","WRITTEN REQUEST FOR BEING AWAY","DISPLAY OF DAILY ATTENDENCE",,18,8,18,2,1,
214,214101,21410104,2141010403,,,,,,,,,,,,,,,,,,,,,8,1,11,2,2,
214,214101,21410106,2141010604,"N","N","N","N","N","N","N","N","N","N","N","N","N","N","N","N","N",,,,8,11,1,2,2,
214,214102,21410202,2141020206,,,,,,,,,,,,,,,,,,"SALARY REDUCTION FOR TEACHERS ABSENCE",,,1,2,3,2,1,
214,214108,21410801,2141080105,"Y","Y","N","N","N","N","N","N","N","N","Y","N","N","N","N","N","N",,,,1,11,1,2,,
214,214113,21411301,2141130103,,,,,,,,,,,,,,,,,,"report to subcounty chief",,,8,1,18,2,1,
214,214113,21411303,2141130307,"N","N","N","N","N","N","N","N","N","N","N","N","N","N","N","N","N",,,,,,,2,1,
214,214113,21411303,2141130307,"N","N","N","N","N","N","N","N","N","N","N","N","N","N","N","N","N",,,,,,,2,,
214,214113,21411303,2141130307,,,,,,,,,,,,,,,,,,,,,2,19,19,2,,
214,214113,21411303,2141130307,,,,,,,,,,,,,,,,,,,,,2,19,19,2,1,
215,215109,21510902,2151090208,"N","Y","N","N","N","N","N","Y","N","N","Y","N","N","N","Y","N","N",,,,11,15,2,1,2,
215,215115,21511502,2151150202,"N","N","N","N","N","N","N","Y","N","N","Y","N","N","Y","N","N","N",,,,11,8,14,2,3,"holiday"
215,215120,21512002,2151200204,"N","N","N","N","N","N","N","Y","N","N","Y","N","N","Y","N","N","N","TERMLY TEACHER ATTENDENCE REGISTER",,,18,11,8,2,3,
216,216202,21620203,2162020306,"N","Y","N","N","N","N","N","Y","N","N","Y","N","N","Y","N","N","N",,,,11,8,2,1,1,
216,216202,21620203,2162020306,"N","Y","N","N","N","N","N","Y","N","N","Y","N","N","Y","N","N","N",,,,11,8,2,2,1,
216,216202,21620203,2162020306,"N","N","N","N","N","N","N","N","N","N","N","N","N","N","N","N","N",,,,11,8,2,2,1,
216,216202,21620203,2162020306,"N","N","N","N","N","N","N","N","N","N","N","N","N","N","N","N","N",,,,11,8,2,1,1,
218,218103,21810302,2181030213,"N","N","N","N","N","N","N","N","N","N","N","N","N","N","N","N","N",,,,,,,2,3,"HOLIDAY"
218,218115,21811504,2181150401,"N","Y","N","N","N","N","N","Y","N","N","Y","N","N","N","N","N","N","DISPLAY DAILY ATTENDENCE REGISTER","WARNING IN STAFF MEETING","ASSESSMENT OF WORK LOAD IN TERM DONE",8,18,19,2,3,"holiday"
219,219103,21910313,2191031301,,,,,,,,,,,,,,,,,,,,,2,6,8,2,3,"THE SCHOOL WAS CLOSED BECAUSE IT WAS HOLIDAY TIME"
219,219103,21910317,2191031702,"Y","Y","N","N","N","Y","N","Y","N","Y","Y","N","N","Y","N","N","N",,,,2,8,11,1,1,
219,219103,21910317,2191031702,"Y","Y","N","N","N","Y","N","Y","N","Y","Y","N","N","Y","N","N","N",,,,2,8,11,2,1,
219,219103,21910317,2191031702,,,,,,,,,,,,,,,,,,,,,2,8,11,1,1,
219,219103,21910317,2191031702,,,,,,,,,,,,,,,,,,,,,2,8,11,2,1,
221,221109,22110902,2211090203,"N","Y","N","N","N","N","N","Y","N","N","Y","N","N","Y","N","N","N",,,,2,8,11,2,3,
221,221109,22110905,2211090505,"Y","N","N","N","N","N","N","Y","N","N","Y","N","N","Y","N","N","N",,,,8,11,14,2,1,
222,222106,22210602,2221060201,"N","N","N","N","N","N","N","Y","N","N","N","N","N","N","N","N","N",,,,8,18,18,1,1,
223,223108,22310805,2231080506,"N","N","N","N","N","N","N","Y","N","N","Y","N","N","N","N","N","N","DISPLAY REGISTER ON NOTICE BOARD",,,8,11,18,2,1,
223,223120,22312002,2231200204,"N","N","N","N","N","N","N","N","N","N","N","N","N","N","N","N","N",,,,,,,1,2,
223,223121,22312101,2231210104,"N","N","N","N","N","N","N","N","N","N","N","N","N","N","N","N","N",,,,1,2,8,2,1,
223,223121,22312101,2231210105,"N","N","N","N","N","N","N","Y","N","N","N","N","N","N","N","N","N","TEACHERS DAILY REGISTER MARKED DAILY","LESSON AUDITOR CLASS BY CLASS","ARRIVAL BOOK",18,18,20,2,3,"HOLIDAY/MUSIC FESTIVAL"
223,223121,22312103,2231210302,"N","Y","N","N","N","N","N","Y","N","N","Y","N","N","N","N","N","N",,,,11,8,2,2,3,"holiday"
223,223126,22312601,2231260115,,,,,,,,,,,,,,,,,,"WEEKLY DUTY ROSTER","1","1",11,2,1,2,1,
223,223128,22312801,2231280102,"N","N","N","N","N","N","N","N","N","N","N","N","N","N","N","N","N","PROVIDE LUNCHTIME MEALS",,,18,4,11,2,2,
224,224105,22410505,2241050511,,,,,,,,,,,,,,,,,,,,,1,2,18,2,,
225,225103,22510304,2251030415,"N","N","N","N","N","N","N","N","N","N","N","N","N","N","N","N","N",,,,8,11,18,2,1,
225,225111,22511103,2251110322,"N","Y","N","N","N","N","N","Y","N","N","N","N","N","Y","N","N","N",,,,2,8,14,1,1,
226,226101,22610101,2261010102,"N","N","N","N","N","N","N","Y","N","N","Y","N","N","Y","N","N","N",,,,8,11,14,2,1,
226,226103,22610302,2261030205,"N","Y","N","N","N","N","N","Y","N","N","Y","N","N","N","N","N","N","MONTHLY CHECKUP CHART SIGNED","TEACHER'S MONITORING FORM ON CLASS PREPARATION",,18,8,11,2,3,"weekend"
226,226103,22610303,2261030301,"Y","Y","N","N","N","N","N","Y","N","N","Y","N","N","N","N","N","N",,,,1,2,11,2,,
226,226104,22610405,2261040510,"N","N","N","N","N","N","N","N","N","N","N","N","N","N","N","N","N","DAILY ATTENDENCE DISPLAY CHART",,,18,15,8,2,1,
228,228102,22810203,2281020304,"N","Y","N","N","N","N","N","Y","N","N","Y","N","N","Y","N","N","N","DISPLAY OF TEACHER'S MONTHLY ATTENDENCE LIST BY PERCENT","HEAD TEACHER HAND OUT RECORD",,8,18,11,2,3,"holiday"
230,230107,23010709,2301070905,"Y","Y","N","N","N","N","N","N","N","N","N","N","N","N","N","N","N",,,,1,2,18,1,,
232,232101,23210104,2321010406,,,,,,,,,,,,,,,,,,,,,1,2,6,2,3,"SCHOOL WAS CLOSED FOR HOLIDAYS"
232,232203,23220304,2322030405,,,,,,,,,,,,,,,,,,,,,8,14,11,2,1,
302,302101,30210102,3021010215,"N","Y","N","N","N","Y","N","Y","N","N","N","N","N","N","N","N","N","USE OF DUTY ROASTER",,,8,6,18,2,,
302,302201,30220105,3022010508,"N","Y","N","N","N","Y","N","Y","N","N","N","N","N","N","N","N","N",,,,8,2,6,1,1,
302,302201,30220107,3022010708,"N","N","N","N","N","N","N","N","N","N","N","N","N","N","N","N","N","USE OF PERMISSION SHEET","REGULAR DISSCUTIONS",,18,19,8,1,3,"Holidays and no teachers  around for data"
302,302203,30220302,3022030205,,,,,,,,,,,,,,,,,,"USE OF LOG BOOK",,,18,2,8,2,,
302,302204,30220405,3022040505,,,,,,,,,,,,,,,,,,"USE OF PERMISSIOM BOOK",,,8,18,2,2,1,
302,302205,30220505,3022050502,"N","N","N","N","N","N","N","N","N","N","N","N","N","N","N","N","N","Regular  joint meetings  with School Management Committee",,,8,18,2,1,2,
303,303201,30320102,3032010205,,,,,,,,,,,,,,,,,,"INSPECTION OF SCHEME OF WORK AND LESSON PLAN",,,18,8,2,2,1,
303,303202,30320207,3032020706,,,,,,,,,,,,,,,,,,,,,2,8,11,2,1,
303,303204,30320405,3032040506,"N","Y","N","N","N","N","N","Y","N","N","Y","N","N","N","N","N","N",,,,11,8,2,2,3,"No respondent since the school closed for holiday"
303,303402,30340204,3034020408,,,,,,,,,,,,,,,,,,"ESTABLISHMENT OF PERMISION BOOK",,,8,18,2,2,1,
303,303404,30340401,3034040102,,,,,,,,,,,,,,,,,,,,,2,8,6,2,1,
303,303404,30340403,3034040304,,,,,,,,,,,,,,,,,,,,,18,19,18,2,1,
303,303405,30340507,3034050711,"N","Y","N","N","N","N","N","Y","N","N","Y","N","N","N","N","N","N",,,,11,2,8,2,3,"SCHOOL CLOSED FOR HOLIDAYS"
303,303503,30350304,3035030411,,,,,,,,,,,,,,,,,,,,,11,8,2,2,,
303,303504,30350402,3035040205,,,,,,,,,,,,,,,,,,"CLASS MONITORING  BY PARENTS","TEACHER PERFORMANCE  MONITORING BY SUB COUNTY",,2,8,19,2,1,
304,304102,30410201,3041020101,"N","N","N","N","N","N","N","N","N","N","N","N","N","N","N","N","N","REGULAR MEETINGS WITH MANEGEMENT COMMITTEE.",,,18,8,2,2,,
304,304204,30420401,3042040105,"N","Y","N","N","N","N","N","Y","N","N","N","N","N","N","N","N","N","USE  OF  TEACHERS CODE  OF  CONDUCT",,,2,18,8,1,1,
304,304204,30420402,3042040201,,,,,,,,,,,,,,,,,,,,,8,2,11,2,2,
304,304301,30430104,3043010404,,,,,,,,,,,,,,,,,,"Regular meetings with S.M.C /P.T.A",,,18,8,2,2,2,
305,305102,30510208,3051020803,"N","N","N","N","N","N","N","N","N","N","N","N","N","N","N","N","N","USE OF GUIDANCE AND COUNCILLING",,,18,11,8,2,,
306,306102,30610203,3061020306,,,,,,,,,,,,,,,,,,,,,6,2,14,2,2,
306,306103,30610301,3061030101,,,,,,,,,,,,,,,,,,,,,8,2,11,2,1,
306,306103,30610301,3061030101,,,,,,,,,,,,,,,,,,,,,8,2,11,1,1,
306,306103,30610301,3061030101,"N","Y","N","N","N","Y","N","Y","N","N","Y","N","N","N","N","N","N",,,,8,2,11,1,1,
306,306103,30610301,3061030101,"N","Y","N","N","N","Y","N","Y","N","N","Y","N","N","N","N","N","N",,,,8,2,11,2,1,
306,306106,30610601,3061060103,,,,,,,,,,,,,,,,,,,,,2,8,14,2,1,
307,307108,30710802,3071080206,,,,,,,,,,,,,,,,,,"REGULAR   MEETINGS  WITH S.M.C","USE  OF ARRIVAL  BOOKS",,18,19,1,2,,
307,307108,30710803,3071080301,,,,,,,,,,,,,,,,,,,,,,,,2,,
307,307202,30720203,3072020302,,,,,,,,,,,,,,,,,,"REGULAR MEETINS  WITH SCHOOL MANAGEMENT COMMITTEE.",,,2,8,18,2,2,
308,308102,30810206,3081020606,,,,,,,,,,,,,,,,,,,,,2,11,8,2,1,
309,309102,30910205,3091020502,"N","N","N","N","N","N","N","N","N","N","N","N","N","N","N","N","N","PROVISION OF MEALS AT THE SCHOOL",,,2,8,18,2,2,
309,309103,30910305,3091030501,,,,,,,,,,,,,,,,,,,,,8,2,18,2,1,
309,309204,30920406,3092040606,"Y","Y","N","N","N","N","N","Y","N","N","N","N","N","N","N","N","N","OUT OF STATIONBOOK",,,8,18,2,2,3,"school closed for holidays"
310,310102,31010202,3101020203,,,,,,,,,,,,,,,,,,,,,8,2,1,2,1,
310,310206,31020603,3102060309,"N","Y","N","N","N","N","N","Y","N","N","N","N","N","N","N","N","N","MAKING THEM ABSCONDMENT LETTERS","SIGNING A BOOK BY TEACHERS WHO MISS",,2,18,8,2,3,"SCHOOL CLOSED FOR HOLIDAYS"
310,310206,31020604,3102060408,,,,,,,,,,,,,,,,,,"WITH HOLDING OF SALARY","DEMOTION","USE OF A LOG BOOK",2,19,19,2,2,
310,310207,31020706,3102070603,"N","Y","N","N","N","N","N","Y","N","N","N","N","N","N","N","N","Y","PROVISION OF LUNCH",,,8,2,18,2,3,"SCHOOL CLOSED FOR HOLIDAY"
311,311103,31110302,3111030202,"N","Y","N","N","N","Y","N","Y","N","N","Y","N","N","Y","Y","N","N",,,,6,8,11,1,1,
311,311103,31110302,3111030202,"N","Y","N","N","N","Y","N","Y","N","N","Y","N","N","Y","Y","N","N",,,,6,8,11,2,1,
311,311103,31110302,3111030202,"N","N","N","N","N","N","N","N","N","N","N","N","N","N","N","N","N",,,,6,8,11,2,1,
311,311103,31110302,3111030202,"N","N","N","N","N","N","N","N","N","N","N","N","N","N","N","N","N",,,,6,8,11,1,1,
311,311302,31130201,3113020101,,,,,,,,,,,,,,,,,,,,,2,8,6,2,2,
312,312105,31210502,3121050202,"N","N","N","N","N","N","N","N","N","N","N","N","N","N","N","N","N",,,,8,14,2,2,,
313,313102,31310205,3131020505,"Y","Y","N","N","N","N","N","Y","N","N","N","N","N","N","N","N","N","TEACHERS ATTENDANCE REGISTER","CHILDRENS BOOKS",,1,2,18,2,3,"SCHOOL CLOSED FOR HOLIDAY"
313,313104,31310403,3131040312,"N","Y","N","N","N","N","N","Y","N","N","Y","N","N","N","N","N","N","MONTHLY REPORTS GIVEN TO THE DISTRICT",,,18,2,8,2,3,"SCHOOL CLOSED FOR HOLIDAYS. NO ONE AROUND"
314,314103,31410304,3141030403,,,,,,,,,,,,,,,,,,,,,11,14,14,2,2,
317,317101,31710101,3171010102,"N","Y","Y","N","N","Y","N","Y","N","N","N","N","N","N","N","N","N","USE OF  PERMISSION LETTERS","PROVISION OF LUNCH TO TEACHERS",,6,8,18,2,,
317,317102,31710202,3171020201,,,,,,,,,,,,,,,,,,"Teachers regular meetings with management","Use of permission sheets",,8,18,19,2,2,
317,317106,31710605,3171060512,,,,,,,,,,,,,,,,,,"USE OF APOLOGY LETTERS",,,8,2,18,2,2,
318,318103,31810302,3181030204,"Y","Y","N","N","N","Y","N","Y","N","N","Y","N","N","Y","N","Y","N",,,,8,14,11,1,1,
318,318103,31810302,3181030204,"Y","Y","N","N","N","Y","N","Y","N","N","Y","N","N","Y","N","Y","N",,,,8,14,11,2,1,
318,318103,31810302,3181030204,"N","Y","N","N","N","Y","N","Y","N","N","Y","N","N","Y","N","N","N",,,,8,14,11,2,1,
318,318103,31810302,3181030204,"N","Y","N","N","N","Y","N","Y","N","N","Y","N","N","Y","N","N","N",,,,8,14,11,1,1,
318,318107,31810705,3181070501,,,,,,,,,,,,,,,,,,,,,2,8,14,2,1,
318,318114,31811402,3181140207,"N","Y","N","N","N","Y","N","Y","N","N","Y","N","N","N","N","N","N",,,,6,11,8,2,3,"THE SCHOOL WAS CLOSED FOR HOLIDAYS"
319,319103,31910303,3191030304,"Y","Y","N","N","N","N","N","Y","N","N","N","N","N","N","N","N","N","TEACHERS DAILY ATTENTANCE CHART","DAILY SENSTIZATION OF SOME TEACHERS",,18,8,2,2,3,"school closed for holidays.no one found to respond"
319,319105,31910508,3191050803,,,,,,,,,,,,,,,,,,"TRANSFER",,,11,2,8,2,1,
319,319107,31910702,3191070202,,,,,,,,,,,,,,,,,,,,,8,2,11,2,1,
320,320103,32010303,3201030323,,,,,,,,,,,,,,,,,,"SUPERVISING THEIR LESSION PLANS",,,8,2,18,2,1,
320,320108,32010808,3201080801,,,,,,,,,,,,,,,,,,,,,2,8,1,2,1,
321,321103,32110304,3211030405,,,,,,,,,,,,,,,,,,"REGULAR   MEETINGS",,,8,18,2,2,,
321,321105,32110505,3211050502,"N","N","N","N","N","N","N","N","N","N","N","N","N","N","N","N","N","USE OF LOG BOOK",,,8,2,18,2,3,"HOLIDAYS"
321,321106,32110601,3211060105,,,,,,,,,,,,,,,,,,,,,8,11,2,2,2,
321,321107,32110706,3211070617,,,,,,,,,,,,,,,,,,,,,8,14,2,2,1,
322,322108,32210802,3221080206,"N","Y","N","N","N","Y","N","Y","N","N","N","N","N","N","N","N","N",,,,8,2,6,2,3,"holidays"
322,322111,32211104,3221110412,,,,,,,,,,,,,,,,,,"USE OF PERMISSION SHEET",,,8,2,18,2,2,
323,323104,32310403,3231040301,"N","Y","N","N","N","N","N","N","Y","N","N","N","N","N","N","N","N","USE  OF  PERMISSION  LETTERS",,,18,2,8,1,1,
323,323106,32310604,3231060409,,,,,,,,,,,,,,,,,,,,,2,2,8,2,,
323,323107,32310701,3231070104,"N","N","N","N","N","N","N","N","N","N","N","N","N","N","N","N","N","REGULAR STAFF MEETINGS",,,8,2,18,1,3,"holidays"
323,323108,32310802,3231080204,,,,,,,,,,,,,,,,,,"INTRODUCTION OF STAFF ARRIVAL AND DEPARTURE BOOK",,,2,18,8,2,1,
325,325101,32510102,3251010205,"N","Y","N","N","N","N","N","N","N","N","N","N","N","N","N","N","N","REGULAR  MEETINGS","TEACHER'S  TRANSFERS",,18,2,19,1,1,
325,325103,32510305,3251030508,,,,,,,,,,,,,,,,,,"USE OF ARRIVAL BOOK",,,18,8,2,2,2,
325,325103,32510306,3251030601,,,,,,,,,,,,,,,,,,"USE OF DAILY ATTENDANCE RECORD","USE OF THE SCHOOL LOG BOOK",,8,18,19,2,2,
325,325103,32510306,3251030602,,,,,,,,,,,,,,,,,,"USE OF DAILY ATTENDANCE RECORD","USE OF SCHOOL LOG BOOK",,8,18,19,2,2,
327,327103,32710303,3271030305,,,,,,,,,,,,,,,,,,,,,1,2,6,2,3,"IT WAS HOLIDAY TIME SO THE SCHOOL WAS CLOSED"
329,329106,32910602,3291060206,,,,,,,,,,,,,,,,,,"USE OF PERMISSION LETTERS",,,8,6,2,2,,
330,330107,33010701,3301070101,,,,,,,,,,,,,,,,,,,,,2,1,8,2,1,
330,330107,33010703,3301070303,,,,,,,,,,,,,,,,,,,,,8,2,11,2,1,
330,330110,33011001,3301100102,"N","N","N","N","N","N","N","N","N","N","N","N","N","N","N","N","N",,,,,,,2,3,"SCHOOL CLOSED FOR HOLIDAY"
402,402207,40220705,4022070507,"Y","Y","N","N","N","N","N","N","N","N","N","N","N","N","N","N","N",,,,8,6,11,2,1,
402,402208,40220805,4022080505,"Y","Y","N","N","N","Y","N","Y","N","N","Y","N","N","N","N","N","N",,,,8,6,6,1,1,
403,403101,40310102,4031010202,"Y","N","N","N","N","N","N","Y","N","N","N","N","N","Y","N","N","N",,,,1,8,14,2,1,
403,403105,40310505,4031050502,"N","Y","N","N","N","N","N","Y","N","N","Y","N","N","Y","N","N","N",,,,14,8,11,2,3,"holiday time"
403,403201,40320102,4032010205,,,,,,,,,,,,,,,,,,,,,2,3,8,2,1,
403,403205,40320504,4032050403,"N","N","N","N","N","N","N","N","N","N","N","N","N","N","N","N","N",,,,11,14,8,2,1,
403,403301,40330104,4033010412,"N","N","N","N","N","N","N","N","N","N","N","N","N","N","N","N","N",,,,,,,2,3,"REFUSED"
404,404102,40410203,4041020302,"N","Y","N","N","N","Y","N","Y","N","N","Y","N","N","Y","N","N","N",,,,8,11,2,2,3,"SCHOOL IN HOLIDAY"
404,404207,40420704,4042070409,"N","Y","N","N","N","Y","N","Y","N","N","Y","N","N","N","N","N","N",,,,8,11,6,2,3,"SCHOOL IN HOLIDAY"
404,404403,40440303,4044030303,"Y","N","N","N","N","N","N","N","N","N","N","N","N","N","N","N","N",,,,8,2,11,2,1,
405,405104,40510402,4051040205,"Y","N","N","N","N","N","N","Y","N","N","N","N","N","Y","N","N","N",,,,1,8,14,2,2,
405,405208,40520803,4052080304,"N","N","N","N","N","N","N","N","N","N","N","N","N","N","N","N","N",,,,8,6,11,2,1,
405,405211,40521103,4052110310,,,,,,,,,,,,,,,,,,,,,6,8,11,2,1,
405,405301,40530104,4053010409,"N","N","N","N","N","N","N","N","N","N","N","N","N","N","N","N","N",,,,6,8,11,2,1,
405,405302,40530203,4053020304,"Y","Y","N","N","N","N","N","Y","N","Y","Y","N","Y","Y","N","N","N",,,,1,8,10,2,3,"HOLIDAY TIME"
406,406108,40610804,4061080401,"Y","N","N","N","N","Y","N","Y","N","N","N","N","N","Y","N","N","N",,,,6,8,1,2,3,"HOLIDAY"
406,406201,40620102,4062010203,"Y","Y","N","N","N","N","N","Y","N","N","N","N","N","Y","N","N","N",,,,14,8,2,2,,
406,406210,40621003,4062100306,"N","N","N","N","N","N","N","N","N","N","N","N","N","N","N","N","N",,,,14,1,8,2,1,
406,406212,40621201,4062120102,"N","N","N","N","N","N","N","N","N","N","N","N","N","N","N","N","N",,,,6,8,11,2,1,
406,406303,40630307,4063030706,"N","N","N","N","N","N","N","N","N","N","N","N","N","N","N","N","N",,,,8,14,2,2,1,
407,407202,40720204,4072020402,"N","Y","N","N","N","N","N","Y","N","N","N","Y","N","Y","N","N","N",,,,12,8,1,2,3,"holiday"
407,407205,40720501,4072050104,"N","N","N","N","N","N","N","N","N","N","N","N","N","N","N","N","N",,,,,,,2,3,"WEEKEND"
407,407303,40730303,4073030305,"N","N","N","N","N","N","N","N","N","N","N","N","N","N","N","N","N",,,,8,2,11,2,1,
407,407306,40730604,4073060419,"N","N","N","N","N","N","N","N","N","N","N","N","N","N","N","N","N",,,,2,14,11,2,3,"WEEKEND"
408,408102,40810201,4081020104,"N","Y","N","N","N","Y","N","Y","N","N","Y","N","N","N","N","N","N",,,,8,6,2,2,1,
408,408112,40811202,4081120206,"N","Y","N","N","N","Y","N","Y","N","N","Y","N","N","N","N","N","N",,,,8,11,2,1,1,
408,408113,40811304,4081130406,"Y","N","N","N","N","N","N","N","N","N","N","N","N","N","N","N","N",,,,8,6,11,2,1,
409,409101,40910104,4091010401,,,,,,,,,,,,,,,,,,,,,11,13,2,2,2,
409,409203,40920305,4092030509,"Y","N","N","N","N","N","N","Y","N","N","Y","N","N","Y","N","N","N",,,,14,8,1,2,3,"HOLIDAY &WEEKEND"
409,409301,40930103,4093010304,"N","N","N","N","N","N","N","N","N","N","N","N","N","N","N","N","N",,,,8,1,14,2,1,
410,410102,41010204,4101020405,"N","Y","N","N","N","Y","N","Y","N","N","Y","N","N","Y","N","N","N",,,,8,11,6,1,1,
410,410105,41010502,4101050204,"N","Y","N","N","N","N","N","Y","N","N","Y","N","N","N","Y","N","N",,,,8,11,15,2,3,"Not done schools in holidays"
410,410201,41020101,4102010106,"Y","Y","N","N","N","Y","N","Y","N","Y","Y","Y","Y","N","Y","N","N",,,,8,6,2,1,1,
410,410201,41020101,4102010107,"N","N","N","N","N","N","N","N","N","N","N","N","N","N","N","N","N",,,,,,,2,3,"SCHOOL IN HOLIDAY"
410,410201,41020101,4102010107,"N","Y","N","Y","N","Y","N","N","N","N","Y","N","N","N","N","N","N",,,,8,11,6,2,3,"SCHOOL IN HOLIDAY"
410,410303,41030306,4103030601,"N","Y","N","N","N","Y","N","Y","N","N","Y","N","N","N","N","N","N",,,,8,2,6,1,1,
411,411103,41110301,4111030105,"Y","Y","N","N","N","Y","N","Y","N","N","Y","Y","N","N","N","N","N",,,,8,14,6,1,1,
411,411203,41120302,4112030202,"N","Y","N","N","N","Y","N","Y","N","N","Y","N","N","N","N","N","N",,,,8,6,11,2,3,"Shools in holidays"
411,411302,41130202,4113020204,"N","Y","N","N","N","Y","N","Y","N","N","Y","Y","N","N","N","N","N",,,,8,8,11,2,3,"schools in holidays"
411,411304,41130402,4113040203,"N","Y","N","N","N","Y","N","Y","N","N","Y","N","N","N","N","N","N",,,,8,2,11,2,1,
411,411402,41140202,4114020204,"N","Y","N","N","N","N","N","Y","N","N","Y","N","N","N","N","N","N",,,,8,2,11,1,1,
411,411403,41140303,4114030308,"N","Y","N","N","N","Y","N","Y","N","N","Y","N","N","N","N","N","N",,,,8,11,6,2,3,"SCHOOL CLOSED FOR HOLIDAYS"
412,412103,41210304,4121030414,"Y","N","N","N","N","Y","N","Y","N","N","Y","N","N","N","N","N","N",,,,8,6,11,2,1,
412,412201,41220107,4122010704,"N","Y","Y","N","N","N","N","Y","N","N","Y","N","N","N","N","N","N",,,,8,2,15,2,1,
412,412203,41220304,4122030405,"N","Y","N","N","N","Y","N","Y","N","N","Y","N","N","N","N","N","N",,,,8,6,11,2,3,"SCHOOLS IN HOLIDAYS FULLY CLOSED"
414,414116,41411601,4141160106,"Y","N","N","N","N","N","N","N","N","N","N","N","N","N","N","N","N",,,,8,11,2,2,1,
415,415105,41510502,4151050204,"N","N","N","N","N","N","N","N","N","N","N","N","N","N","N","N","N",,,,6,8,14,2,2,
415,415106,41510608,4151060812,"N","Y","N","N","N","N","N","Y","N","N","Y","N","N","N","N","N","N",,,,2,8,11,2,1,
415,415110,41511004,4151100404,"Y","N","N","N","N","N","N","Y","N","N","Y","N","N","Y","N","N","N",,,,11,14,8,2,3,"HOLIDAY TIME"
415,415114,41511407,4151140703,,,,,,,,,,,,,,,,,,,,,8,,,2,2,
417,417101,41710101,4171010109,"N","N","Y","N","N","N","N","N","N","N","N","N","N","N","N","N","N",,,,8,2,11,2,1,
417,417102,41710201,4171020103,"Y","Y","Y","Y","N","Y","N","Y","N","N","Y","Y","N","Y","N","Y","N",,,,8,6,11,2,1,
417,417104,41710401,4171040107,"Y","N","N","N","N","N","N","N","N","N","N","N","N","N","N","N","N",,,,8,2,11,2,1,
417,417105,41710501,4171050107,"N","Y","N","N","N","N","N","N","N","N","Y","N","N","N","N","N","N",,,,8,2,18,1,1,
417,417110,41711004,4171100404,"N","Y","N","N","N","N","N","Y","N","N","Y","N","N","N","N","N","N",,,,8,11,2,2,3,"SCHOOLS IN HOLIDAYS"
417,417114,41711404,4171140402,"N","Y","N","N","N","N","N","Y","N","N","Y","N","N","N","N","N","N",,,,8,11,2,1,1,
418,418104,41810403,4181040301,"N","Y","N","N","N","N","N","Y","N","N","Y","N","N","N","N","N","N",,,,8,11,2,2,3,"Schools in holidays"
418,418201,41820102,4182010203,"N","Y","N","N","N","Y","N","Y","N","N","Y","N","N","N","N","N","N",,,,8,6,11,2,3,"Not done Schools in holidays"
418,418202,41820201,4182020104,"N","Y","Y","N","N","Y","N","Y","N","N","Y","Y","N","Y","N","N","N",,,,8,6,2,2,2,
418,418209,41820907,4182090702,"N","Y","Y","N","N","N","N","N","N","N","N","N","N","N","N","N","N",,,,8,11,6,2,1,
419,419204,41920402,4192040205,"Y","Y","N","N","N","Y","N","Y","N","N","Y","N","N","N","N","N","N",,,,8,6,11,2,1,
420,420107,42010704,4201070403,"Y","Y","N","N","N","N","N","Y","N","N","Y","N","N","N","N","N","N",,,,8,6,1,2,3,"SCHOOL IN HOLIDAYS"
420,420108,42010803,4201080309,"N","Y","N","N","N","Y","N","Y","N","N","Y","N","N","N","N","N","N",,,,8,6,11,2,3,"schools in holidays"
421,421108,42110801,4211080107,"N","N","N","N","N","N","N","N","N","N","N","N","N","N","N","N","N",,,,1,2,8,2,1,
422,422102,42210204,4221020401,"N","N","N","N","N","N","N","Y","N","N","N","N","N","Y","N","N","N",,,,8,14,18,2,3,"weekend"
423,423109,42310905,4231090509,"N","N","N","N","N","N","N","N","N","N","N","N","N","N","N","N","N",,,,,,,1,3,"SCHOOL CLOSED, ITS A WEEKEND"
426,426104,42610402,4261040201,"N","Y","N","N","N","Y","N","Y","N","N","Y","N","N","N","N","N","N",,,,8,11,6,1,1,
